This is pdfTeX, Version 3.141592653-2.6-1.40.25 (TeX Live 2023) (preloaded format=pdflatex 2024.1.2)  21 MAR 2026 18:07
entering extended mode
 restricted \write18 enabled.
 %&-line parsing enabled.
**NT-Disk-translated.tex
(./NT-Disk-translated.tex
LaTeX2e <2022-11-01> patch level 1
L3 programming layer <2023-02-22>
(/usr/local/texlive/2023/texmf-dist/tex/latex/revtex/revtex4-2.cls
Document Class: revtex4-2 2020/10/03 4.2e (https://journals.aps.org/revtex/ for
 documentation)
 Copyright (c) 2019 American Physical Society.
 mailto:revtex@aps.org
 Licensed under the LPPL:
http://www.ctan.org/tex-archive/macros/latex/base/lppl.txt
 Arthur Ogawa <arthur_ogawa at sbcglobal dot net>
 Based on work by David Carlisle <david at dcarlisle.demon.co.uk>
 Version (4.2d,4.2e): Modified by Mark Doyle and Phelype Oleinik
 .
ltxutil[2020/10/03 4.2e utilities package (portions licensed from W. E. Baxter 
web at superscript.com)]
LaTeX Info: Redefining \@centercr on input line 356.
Class revtex4-2 Info: Repairing hyperref-unfriendly LaTeX definition of \mpfoot
note on input line 481.
Class revtex4-2 Info: Repairing broken LateX \@sect on input line 803.
\intertabularlinepenalty=\count185
\@tbpen=\count186
\@arstrutbox@hline=\box51
Class revtex4-2 Info: Repairing broken LaTeX \@xbitor on input line 1834.
Class revtex4-2 Info: Making \typeout \long on input line 2099.
ltxfront[2020/10/03 4.2e frontmatter package (AO,DPC,MD)]
\c@affil=\count187
\c@collab=\count188
\absbox=\box52
ltxgrid[2020/10/03 4.2e page grid package (portions licensed from W. E. Baxter 
web at superscript.com)]
\c@linecount=\count189
\output@latex=\toks16
\box@size@1=\box53
\box@size@2=\box54
\@protection@box=\box55
\@topmark@saved=\toks17
\footins@saved=\box56
\footins@recovered=\box57
\column@recovered=\box58
\pagesofar=\box59
\footsofar=\box60
\pagegrid@col=\count190
Class revtex4-2 Info: Overriding \@vspace, \@vspacer, \@no@pgbk, \@newline, and
 \\  on input line 5665.
\c@part=\count191
\c@section=\count192
\c@subsection=\count193
\c@subsubsection=\count194
\c@paragraph=\count195
\c@subparagraph=\count196
\abovecaptionskip=\skip48
\belowcaptionskip=\skip49
\c@figure=\count197
\fbox@1=\box61
\c@table=\count198
\fbox@2=\box62
\c@video=\count199
\fbox@4=\box63
\@bibdataout=\write3
\widetext@top=\box64
\widetext@bot=\box65
Class revtex4-2 Info: Selecting society aps on input line 7658.
(/usr/local/texlive/2023/texmf-dist/tex/latex/revtex/aps4-2.rtx
File: aps4-2 2020/10/03 4.2e (https://journals.aps.org/revtex/ for documentatio
n)
Class revtex4-2 Info: RevTeX society APS selected on input line 40.
)
Class revtex4-2 Info: Selecting journal prd on input line 7660.
Class revtex4-2 Info: APS journal PRD selected on input line 7661.


Class revtex4-2 Warning: No type size specified, using default 10.

(/usr/local/texlive/2023/texmf-dist/tex/latex/revtex/aps10pt4-2.rtx
File: aps10pt4-2 2020/10/03 4.2e (https://journals.aps.org/revtex/ for document
ation)
Class revtex4-2 Info: RevTeX pointsize 10pt selected on input line 39.
)
(/usr/local/texlive/2023/texmf-dist/tex/latex/textcase/textcase.sty
Package: textcase 2022/07/10 v1.03 Text only upper/lower case changing (DPC)
Package textcase Info: Defining Legacy names on input line 20.
)
(/usr/local/texlive/2023/texmf-dist/tex/latex/url/url.sty
\Urlmuskip=\muskip16
Package: url 2013/09/16  ver 3.4  Verb mode for urls, etc.
)
(/usr/local/texlive/2023/texmf-dist/tex/latex/natbib/natbib.sty
Package: natbib 2010/09/13 8.31b (PWD, AO)
\bibhang=\skip50
\bibsep=\skip51
LaTeX Info: Redefining \cite on input line 694.
\c@NAT@ctr=\count266
)
Class revtex4-2 Info: Repairing natbib's \BibitemShut on input line 7665.

(/usr/local/texlive/2023/texmf-dist/tex/latex/revtex/revsymb4-2.sty
Package: revsymb4-2 2020/10/03 4.2e (https://journals.aps.org/revtex/ for docum
entation)
LaTeX Info: Redefining \REV@mathfrak on input line 128.
))
(/usr/local/texlive/2023/texmf-dist/tex/latex/amsmath/amsmath.sty
Package: amsmath 2022/04/08 v2.17n AMS math features
\@mathmargin=\skip52

For additional information on amsmath, use the `?' option.
(/usr/local/texlive/2023/texmf-dist/tex/latex/amsmath/amstext.sty
Package: amstext 2021/08/26 v2.01 AMS text

(/usr/local/texlive/2023/texmf-dist/tex/latex/amsmath/amsgen.sty
File: amsgen.sty 1999/11/30 v2.0 generic functions
\@emptytoks=\toks18
\ex@=\dimen140
)
LaTeX Info: Redefining \text on input line 28.
)
(/usr/local/texlive/2023/texmf-dist/tex/latex/amsmath/amsbsy.sty
Package: amsbsy 1999/11/29 v1.2d Bold Symbols
\pmbraise@=\dimen141
)
(/usr/local/texlive/2023/texmf-dist/tex/latex/amsmath/amsopn.sty
Package: amsopn 2022/04/08 v2.04 operator names
)
\inf@bad=\count267
LaTeX Info: Redefining \frac on input line 234.
\uproot@=\count268
\leftroot@=\count269
LaTeX Info: Redefining \overline on input line 399.
LaTeX Info: Redefining \colon on input line 410.
\classnum@=\count270
\DOTSCASE@=\count271
LaTeX Info: Redefining \ldots on input line 496.
LaTeX Info: Redefining \dots on input line 499.
LaTeX Info: Redefining \cdots on input line 620.
\Mathstrutbox@=\box66
\strutbox@=\box67
LaTeX Info: Redefining \big on input line 722.
LaTeX Info: Redefining \Big on input line 723.
LaTeX Info: Redefining \bigg on input line 724.
LaTeX Info: Redefining \Bigg on input line 725.
\big@size=\dimen142
LaTeX Font Info:    Redeclaring font encoding OML on input line 743.
LaTeX Font Info:    Redeclaring font encoding OMS on input line 744.
\macc@depth=\count272
LaTeX Info: Redefining \bmod on input line 905.
LaTeX Info: Redefining \pmod on input line 910.
LaTeX Info: Redefining \smash on input line 940.
LaTeX Info: Redefining \relbar on input line 970.
LaTeX Info: Redefining \Relbar on input line 971.
\c@MaxMatrixCols=\count273
\dotsspace@=\muskip17
\c@parentequation=\count274
\dspbrk@lvl=\count275
\tag@help=\toks19
\row@=\count276
\column@=\count277
\maxfields@=\count278
\andhelp@=\toks20
\eqnshift@=\dimen143
\alignsep@=\dimen144
\tagshift@=\dimen145
\tagwidth@=\dimen146
\totwidth@=\dimen147
\lineht@=\dimen148
\@envbody=\toks21
\multlinegap=\skip53
\multlinetaggap=\skip54
\mathdisplay@stack=\toks22
LaTeX Info: Redefining \[ on input line 2953.
LaTeX Info: Redefining \] on input line 2954.
)
(/usr/local/texlive/2023/texmf-dist/tex/latex/amsfonts/amssymb.sty
Package: amssymb 2013/01/14 v3.01 AMS font symbols

(/usr/local/texlive/2023/texmf-dist/tex/latex/amsfonts/amsfonts.sty
Package: amsfonts 2013/01/14 v3.01 Basic AMSFonts support
\symAMSa=\mathgroup4
\symAMSb=\mathgroup5
LaTeX Font Info:    Redeclaring math symbol \hbar on input line 98.
LaTeX Font Info:    Overwriting math alphabet `\mathfrak' in version `bold'
(Font)                  U/euf/m/n --> U/euf/b/n on input line 106.
LaTeX Info: Redefining \frak on input line 111.
LaTeX Info: Redefining \Bbb on input line 113.
))
(/usr/local/texlive/2023/texmf-dist/tex/latex/jknapltx/mathrsfs.sty
Package: mathrsfs 1996/01/01 Math RSFS package v1.0 (jk)
\symrsfs=\mathgroup6
)
(/usr/local/texlive/2023/texmf-dist/tex/latex/tools/bm.sty
Package: bm 2022/01/05 v1.2f Bold Symbol Support (DPC/FMi)
\symboldoperators=\mathgroup7
\symboldletters=\mathgroup8
\symboldsymbols=\mathgroup9
Package bm Info: No bold for \OMX/cmex/m/n, using \pmb.
Package bm Info: No bold for \U/msa/m/n, using \pmb.
Package bm Info: No bold for \U/msb/m/n, using \pmb.
Package bm Info: No bold for \U/rsfs/m/n, using \pmb.
LaTeX Font Info:    Redeclaring math alphabet \mathbf on input line 149.
LaTeX Info: Redefining \bm on input line 219.
)
(/usr/local/texlive/2023/texmf-dist/tex/latex/graphics/graphicx.sty
Package: graphicx 2021/09/16 v1.2d Enhanced LaTeX Graphics (DPC,SPQR)

(/usr/local/texlive/2023/texmf-dist/tex/latex/graphics/keyval.sty
Package: keyval 2022/05/29 v1.15 key=value parser (DPC)
\KV@toks@=\toks23
)
(/usr/local/texlive/2023/texmf-dist/tex/latex/graphics/graphics.sty
Package: graphics 2022/03/10 v1.4e Standard LaTeX Graphics (DPC,SPQR)

(/usr/local/texlive/2023/texmf-dist/tex/latex/graphics/trig.sty
Package: trig 2021/08/11 v1.11 sin cos tan (DPC)
)
(/usr/local/texlive/2023/texmf-dist/tex/latex/graphics-cfg/graphics.cfg
File: graphics.cfg 2016/06/04 v1.11 sample graphics configuration
)
Package graphics Info: Driver file: pdftex.def on input line 107.

(/usr/local/texlive/2023/texmf-dist/tex/latex/graphics-def/pdftex.def
File: pdftex.def 2022/09/22 v1.2b Graphics/color driver for pdftex
))
\Gin@req@height=\dimen149
\Gin@req@width=\dimen150
)
(/usr/local/texlive/2023/texmf-dist/tex/latex/hyperref/hyperref.sty
Package: hyperref 2023-02-07 v7.00v Hypertext links for LaTeX

(/usr/local/texlive/2023/texmf-dist/tex/generic/ltxcmds/ltxcmds.sty
Package: ltxcmds 2020-05-10 v1.25 LaTeX kernel commands for general use (HO)
)
(/usr/local/texlive/2023/texmf-dist/tex/generic/iftex/iftex.sty
Package: iftex 2022/02/03 v1.0f TeX engine tests
)
(/usr/local/texlive/2023/texmf-dist/tex/generic/pdftexcmds/pdftexcmds.sty
Package: pdftexcmds 2020-06-27 v0.33 Utility functions of pdfTeX for LuaTeX (HO
)

(/usr/local/texlive/2023/texmf-dist/tex/generic/infwarerr/infwarerr.sty
Package: infwarerr 2019/12/03 v1.5 Providing info/warning/error messages (HO)
)
Package pdftexcmds Info: \pdf@primitive is available.
Package pdftexcmds Info: \pdf@ifprimitive is available.
Package pdftexcmds Info: \pdfdraftmode found.
)
(/usr/local/texlive/2023/texmf-dist/tex/latex/kvsetkeys/kvsetkeys.sty
Package: kvsetkeys 2022-10-05 v1.19 Key value parser (HO)
)
(/usr/local/texlive/2023/texmf-dist/tex/generic/kvdefinekeys/kvdefinekeys.sty
Package: kvdefinekeys 2019-12-19 v1.6 Define keys (HO)
)
(/usr/local/texlive/2023/texmf-dist/tex/generic/pdfescape/pdfescape.sty
Package: pdfescape 2019/12/09 v1.15 Implements pdfTeX's escape features (HO)
)
(/usr/local/texlive/2023/texmf-dist/tex/latex/hycolor/hycolor.sty
Package: hycolor 2020-01-27 v1.10 Color options for hyperref/bookmark (HO)
)
(/usr/local/texlive/2023/texmf-dist/tex/latex/letltxmacro/letltxmacro.sty
Package: letltxmacro 2019/12/03 v1.6 Let assignment for LaTeX macros (HO)
)
(/usr/local/texlive/2023/texmf-dist/tex/latex/auxhook/auxhook.sty
Package: auxhook 2019-12-17 v1.6 Hooks for auxiliary files (HO)
)
(/usr/local/texlive/2023/texmf-dist/tex/latex/hyperref/nameref.sty
Package: nameref 2022-05-17 v2.50 Cross-referencing by name of section

(/usr/local/texlive/2023/texmf-dist/tex/latex/refcount/refcount.sty
Package: refcount 2019/12/15 v3.6 Data extraction from label references (HO)
)
(/usr/local/texlive/2023/texmf-dist/tex/generic/gettitlestring/gettitlestring.s
ty
Package: gettitlestring 2019/12/15 v1.6 Cleanup title references (HO)
 (/usr/local/texlive/2023/texmf-dist/tex/latex/kvoptions/kvoptions.sty
Package: kvoptions 2022-06-15 v3.15 Key value format for package options (HO)
))
\c@section@level=\count279
)
\@linkdim=\dimen151
\Hy@linkcounter=\count280
\Hy@pagecounter=\count281

(/usr/local/texlive/2023/texmf-dist/tex/latex/hyperref/pd1enc.def
File: pd1enc.def 2023-02-07 v7.00v Hyperref: PDFDocEncoding definition (HO)
Now handling font encoding PD1 ...
... no UTF-8 mapping file for font encoding PD1
)
(/usr/local/texlive/2023/texmf-dist/tex/generic/intcalc/intcalc.sty
Package: intcalc 2019/12/15 v1.3 Expandable calculations with integers (HO)
)
(/usr/local/texlive/2023/texmf-dist/tex/generic/etexcmds/etexcmds.sty
Package: etexcmds 2019/12/15 v1.7 Avoid name clashes with e-TeX commands (HO)
)
\Hy@SavedSpaceFactor=\count282

(/usr/local/texlive/2023/texmf-dist/tex/latex/hyperref/puenc.def
File: puenc.def 2023-02-07 v7.00v Hyperref: PDF Unicode definition (HO)
Now handling font encoding PU ...
... no UTF-8 mapping file for font encoding PU
)
Package hyperref Info: Hyper figures OFF on input line 4177.
Package hyperref Info: Link nesting OFF on input line 4182.
Package hyperref Info: Hyper index ON on input line 4185.
Package hyperref Info: Plain pages OFF on input line 4192.
Package hyperref Info: Backreferencing OFF on input line 4197.
Package hyperref Info: Implicit mode ON; LaTeX internals redefined.
Package hyperref Info: Bookmarks ON on input line 4425.
LaTeX Info: Redefining \href on input line 4674.
\c@Hy@tempcnt=\count283
LaTeX Info: Redefining \url on input line 4763.
\XeTeXLinkMargin=\dimen152

(/usr/local/texlive/2023/texmf-dist/tex/generic/bitset/bitset.sty
Package: bitset 2019/12/09 v1.3 Handle bit-vector datatype (HO)

(/usr/local/texlive/2023/texmf-dist/tex/generic/bigintcalc/bigintcalc.sty
Package: bigintcalc 2019/12/15 v1.5 Expandable calculations on big integers (HO
)
))
\Fld@menulength=\count284
\Field@Width=\dimen153
\Fld@charsize=\dimen154
Package hyperref Info: Hyper figures OFF on input line 6042.
Package hyperref Info: Link nesting OFF on input line 6047.
Package hyperref Info: Hyper index ON on input line 6050.
Package hyperref Info: backreferencing OFF on input line 6057.
Package hyperref Info: Link coloring OFF on input line 6062.
Package hyperref Info: Link coloring with OCG OFF on input line 6067.
Package hyperref Info: PDF/A mode OFF on input line 6072.

(/usr/local/texlive/2023/texmf-dist/tex/latex/base/atbegshi-ltx.sty
Package: atbegshi-ltx 2021/01/10 v1.0c Emulation of the original atbegshi
package with kernel methods
)
\Hy@abspage=\count285
\c@Item=\count286
\c@Hfootnote=\count287
)
Package hyperref Info: Driver (autodetected): hpdftex.

(/usr/local/texlive/2023/texmf-dist/tex/latex/hyperref/hpdftex.def
File: hpdftex.def 2023-02-07 v7.00v Hyperref driver for pdfTeX

(/usr/local/texlive/2023/texmf-dist/tex/latex/base/atveryend-ltx.sty
Package: atveryend-ltx 2020/08/19 v1.0a Emulation of the original atveryend pac
kage
with kernel methods
)
\Fld@listcount=\count288
\c@bookmark@seq@number=\count289

(/usr/local/texlive/2023/texmf-dist/tex/latex/rerunfilecheck/rerunfilecheck.sty
Package: rerunfilecheck 2022-07-10 v1.10 Rerun checks for auxiliary files (HO)

(/usr/local/texlive/2023/texmf-dist/tex/generic/uniquecounter/uniquecounter.sty
Package: uniquecounter 2019/12/15 v1.4 Provide unlimited unique counter (HO)
)
Package uniquecounter Info: New unique counter `rerunfilecheck' on input line 2
85.
)
\Hy@SectionHShift=\skip55
) (/usr/local/texlive/2023/texmf-dist/tex/latex/xcolor/xcolor.sty
Package: xcolor 2022/06/12 v2.14 LaTeX color extensions (UK)

(/usr/local/texlive/2023/texmf-dist/tex/latex/graphics-cfg/color.cfg
File: color.cfg 2016/01/02 v1.6 sample color configuration
)
Package xcolor Info: Driver file: pdftex.def on input line 227.

(/usr/local/texlive/2023/texmf-dist/tex/latex/graphics/mathcolor.ltx)
Package xcolor Info: Model `cmy' substituted by `cmy0' on input line 1353.
Package xcolor Info: Model `hsb' substituted by `rgb' on input line 1357.
Package xcolor Info: Model `RGB' extended on input line 1369.
Package xcolor Info: Model `HTML' substituted by `rgb' on input line 1371.
Package xcolor Info: Model `Hsb' substituted by `hsb' on input line 1372.
Package xcolor Info: Model `tHsb' substituted by `hsb' on input line 1373.
Package xcolor Info: Model `HSB' substituted by `hsb' on input line 1374.
Package xcolor Info: Model `Gray' substituted by `gray' on input line 1375.
Package xcolor Info: Model `wave' substituted by `hsb' on input line 1376.
)
(/usr/local/texlive/2023/texmf-dist/tex/latex/tools/array.sty
Package: array 2022/09/04 v2.5g Tabular extension package (FMi)
\col@sep=\dimen155
\ar@mcellbox=\box68
\extrarowheight=\dimen156
\NC@list=\toks24
\extratabsurround=\skip56
\backup@length=\skip57
\ar@cellbox=\box69
)
(/usr/local/texlive/2023/texmf-dist/tex/latex/booktabs/booktabs.sty
Package: booktabs 2020/01/12 v1.61803398 Publication quality tables
\heavyrulewidth=\dimen157
\lightrulewidth=\dimen158
\cmidrulewidth=\dimen159
\belowrulesep=\dimen160
\belowbottomsep=\dimen161
\aboverulesep=\dimen162
\abovetopsep=\dimen163
\cmidrulesep=\dimen164
\cmidrulekern=\dimen165
\defaultaddspace=\dimen166
\@cmidla=\count290
\@cmidlb=\count291
\@aboverulesep=\dimen167
\@belowrulesep=\dimen168
\@thisruleclass=\count292
\@lastruleclass=\count293
\@thisrulewidth=\dimen169
)
(/usr/local/texlive/2023/texmf-dist/tex/latex/multirow/multirow.sty
Package: multirow 2021/03/15 v2.8 Span multiple rows of a table
\multirow@colwidth=\skip58
\multirow@cntb=\count294
\multirow@dima=\skip59
\bigstrutjot=\dimen170
)
Class revtex4-2 Info: Unrecognized array package. Please update this document c
lass! (Proceeding with fingers crossed.) on input line 76.
Class revtex4-2 Info: cite was not loaded (OK!) on input line 76.
Class revtex4-2 Info: mcite was not loaded (OK!) on input line 76.
Class revtex4-2 Info: multicol was not loaded (OK!) on input line 76.

(/usr/local/texlive/2023/texmf-dist/tex/latex/l3backend/l3backend-pdftex.def
File: l3backend-pdftex.def 2023-01-16 L3 backend support: PDF output (pdfTeX)
\l__color_backend_stack_int=\count295
\l__pdf_internal_box=\box70
)
(./NT-Disk-translated.aux)
\openout1 = `NT-Disk-translated.aux'.

LaTeX Font Info:    Checking defaults for OML/cmm/m/it on input line 76.
LaTeX Font Info:    ... okay on input line 76.
LaTeX Font Info:    Checking defaults for OMS/cmsy/m/n on input line 76.
LaTeX Font Info:    ... okay on input line 76.
LaTeX Font Info:    Checking defaults for OT1/cmr/m/n on input line 76.
LaTeX Font Info:    ... okay on input line 76.
LaTeX Font Info:    Checking defaults for T1/cmr/m/n on input line 76.
LaTeX Font Info:    ... okay on input line 76.
LaTeX Font Info:    Checking defaults for TS1/cmr/m/n on input line 76.
LaTeX Font Info:    ... okay on input line 76.
LaTeX Font Info:    Checking defaults for OMX/cmex/m/n on input line 76.
LaTeX Font Info:    ... okay on input line 76.
LaTeX Font Info:    Checking defaults for U/cmr/m/n on input line 76.
LaTeX Font Info:    ... okay on input line 76.
LaTeX Font Info:    Checking defaults for PD1/pdf/m/n on input line 76.
LaTeX Font Info:    ... okay on input line 76.
LaTeX Font Info:    Checking defaults for PU/pdf/m/n on input line 76.
LaTeX Font Info:    ... okay on input line 76.

(/usr/local/texlive/2023/texmf-dist/tex/context/base/mkii/supp-pdf.mkii
[Loading MPS to PDF converter (version 2006.09.02).]
\scratchcounter=\count296
\scratchdimen=\dimen171
\scratchbox=\box71
\nofMPsegments=\count297
\nofMParguments=\count298
\everyMPshowfont=\toks25
\MPscratchCnt=\count299
\MPscratchDim=\dimen172
\MPnumerator=\count300
\makeMPintoPDFobject=\count301
\everyMPtoPDFconversion=\toks26
) (/usr/local/texlive/2023/texmf-dist/tex/latex/epstopdf-pkg/epstopdf-base.sty
Package: epstopdf-base 2020-01-24 v2.11 Base part for package epstopdf
Package epstopdf-base Info: Redefining graphics rule for `.eps' on input line 4
85.

(/usr/local/texlive/2023/texmf-dist/tex/latex/latexconfig/epstopdf-sys.cfg
File: epstopdf-sys.cfg 2010/07/13 v1.3 Configuration of (r)epstopdf for TeX Liv
e
))
Package hyperref Info: Link coloring OFF on input line 76.

(./NT-Disk-translated.out) (./NT-Disk-translated.out)
\@outlinefile=\write4
\openout4 = `NT-Disk-translated.out'.

Class revtex4-2 Info: Taking \maketitle back from hyperref on input line 76.
\openout3 = `NT-Disk-translatedNotes.bib'.

LaTeX Font Info:    Trying to load font information for U+msa on input line 98.


(/usr/local/texlive/2023/texmf-dist/tex/latex/amsfonts/umsa.fd
File: umsa.fd 2013/01/14 v3.01 AMS symbols A
)
LaTeX Font Info:    Trying to load font information for U+msb on input line 98.


(/usr/local/texlive/2023/texmf-dist/tex/latex/amsfonts/umsb.fd
File: umsb.fd 2013/01/14 v3.01 AMS symbols B
)
LaTeX Font Info:    Trying to load font information for U+rsfs on input line 98
.

(/usr/local/texlive/2023/texmf-dist/tex/latex/jknapltx/ursfs.fd
File: ursfs.fd 1998/03/24 rsfs font definition file (jk)
)
(./NT-Disk-translated.toc)
\tf@toc=\write5
\openout5 = `NT-Disk-translated.toc'.

 (./sections/sec1_intro.tex [1{/usr/local/texlive/2023/texmf-var/fonts/map/pdft
ex/updmap/pdftex.map}{/usr/local/texlive/2023/texmf-dist/fonts/enc/dvips/cm-sup
er/cm-super-ts1.enc}]) (./sections/sec2_radiation.tex
Overfull \hbox (64.5672pt too wide) detected at line 128
[][][]\OML/cmm/m/it/10 I\OT1/cmr/m/n/10 (\OML/cmm/m/it/10 !\OT1/cmr/m/n/10 ) = 
[] [] [][]  [] [] \OML/cmm/m/it/10 < ! < [] \OT1/cmr/m/n/10 = [] \OML/cmm/m/it/
10 :
 []

[2
pdfTeX warning (ext4): destination with the same identifier (name{equation.2.1}
) has been already used, duplicate ignored
<argument> ...shipout:D \box_use:N \l_shipout_box 
                                                  \__shipout_drop_firstpage_...
l.167 
      
pdfTeX warning (ext4): destination with the same identifier (name{equation.2.1}
) has been already used, duplicate ignored
<argument> ...shipout:D \box_use:N \l_shipout_box 
                                                  \__shipout_drop_firstpage_...
l.167 
      
pdfTeX warning (ext4): destination with the same identifier (name{equation.2.1}
) has been already used, duplicate ignored
<argument> ...shipout:D \box_use:N \l_shipout_box 
                                                  \__shipout_drop_firstpage_...
l.167 
      
pdfTeX warning (ext4): destination with the same identifier (name{equation.2.1}
) has been already used, duplicate ignored
<argument> ...shipout:D \box_use:N \l_shipout_box 
                                                  \__shipout_drop_firstpage_...
l.167 
      
pdfTeX warning (ext4): destination with the same identifier (name{equation.2.1}
) has been already used, duplicate ignored
<argument> ...shipout:D \box_use:N \l_shipout_box 
                                                  \__shipout_drop_firstpage_...
l.167 
      
pdfTeX warning (ext4): destination with the same identifier (name{equation.2.1}
) has been already used, duplicate ignored
<argument> ...shipout:D \box_use:N \l_shipout_box 
                                                  \__shipout_drop_firstpage_...
l.167 
      
pdfTeX warning (ext4): destination with the same identifier (name{equation.2.1}
) has been already used, duplicate ignored
<argument> ...shipout:D \box_use:N \l_shipout_box 
                                                  \__shipout_drop_firstpage_...
l.167 
      ]
pdfTeX warning (ext4): destination with the same identifier (name{equation.2.1}
) has been already used, duplicate ignored
<to be read again> 
                   \relax 
l.176 \begin{equation}
                      
pdfTeX warning (ext4): destination with the same identifier (name{equation.2.1}
) has been already used, duplicate ignored
<to be read again> 
                   \relax 
l.176 \begin{equation}
                      
pdfTeX warning (ext4): destination with the same identifier (name{equation.2.1}
) has been already used, duplicate ignored
<to be read again> 
                   \relax 
l.176 \begin{equation}
                      
pdfTeX warning (ext4): destination with the same identifier (name{equation.2.1}
) has been already used, duplicate ignored
<to be read again> 
                   \relax 
l.176 \begin{equation}
                      
pdfTeX warning (ext4): destination with the same identifier (name{equation.2.1}
) has been already used, duplicate ignored
<to be read again> 
                   \relax 
l.186 \begin{equation}
                      
pdfTeX warning (ext4): destination with the same identifier (name{equation.2.1}
) has been already used, duplicate ignored
<to be read again> 
                   \relax 
l.186 \begin{equation}
                      
pdfTeX warning (ext4): destination with the same identifier (name{equation.2.1}
) has been already used, duplicate ignored
<to be read again> 
                   \relax 
l.186 \begin{equation}
                      
pdfTeX warning (ext4): destination with the same identifier (name{equation.2.1}
) has been already used, duplicate ignored
<to be read again> 
                   \relax 
l.186 \begin{equation}
                      
pdfTeX warning (ext4): destination with the same identifier (name{equation.2.1}
) has been already used, duplicate ignored
<to be read again> 
                   \relax 
l.208 \begin{equation}
                      
pdfTeX warning (ext4): destination with the same identifier (name{equation.2.1}
) has been already used, duplicate ignored
<to be read again> 
                   \relax 
l.208 \begin{equation}
                      
pdfTeX warning (ext4): destination with the same identifier (name{equation.2.1}
) has been already used, duplicate ignored
<to be read again> 
                   \relax 
l.208 \begin{equation}
                      
pdfTeX warning (ext4): destination with the same identifier (name{equation.2.1}
) has been already used, duplicate ignored
<to be read again> 
                   \relax 
l.208 \begin{equation}
                      
pdfTeX warning (ext4): destination with the same identifier (name{equation.2.1}
) has been already used, duplicate ignored
<to be read again> 
                   \relax 
l.217 \begin{equation}
                      
pdfTeX warning (ext4): destination with the same identifier (name{equation.2.1}
) has been already used, duplicate ignored
<to be read again> 
                   \relax 
l.217 \begin{equation}
                      
pdfTeX warning (ext4): destination with the same identifier (name{equation.2.1}
) has been already used, duplicate ignored
<to be read again> 
                   \relax 
l.217 \begin{equation}
                      
pdfTeX warning (ext4): destination with the same identifier (name{equation.2.1}
) has been already used, duplicate ignored
<to be read again> 
                   \relax 
l.217 \begin{equation}
                      
pdfTeX warning (ext4): destination with the same identifier (name{equation.2.1}
) has been already used, duplicate ignored
<to be read again> 
                   \relax 
l.224 \begin{equation}
                      
pdfTeX warning (ext4): destination with the same identifier (name{equation.2.1}
) has been already used, duplicate ignored
<to be read again> 
                   \relax 
l.224 \begin{equation}
                      
pdfTeX warning (ext4): destination with the same identifier (name{equation.2.1}
) has been already used, duplicate ignored
<to be read again> 
                   \relax 
l.224 \begin{equation}
                      
pdfTeX warning (ext4): destination with the same identifier (name{equation.2.1}
) has been already used, duplicate ignored
<to be read again> 
                   \relax 
l.224 \begin{equation}
                      
pdfTeX warning (ext4): destination with the same identifier (name{equation.2.1}
) has been already used, duplicate ignored
<to be read again> 
                   \relax 
l.233 \begin{equation}
                      
pdfTeX warning (ext4): destination with the same identifier (name{equation.2.1}
) has been already used, duplicate ignored
<to be read again> 
                   \relax 
l.233 \begin{equation}
                      
pdfTeX warning (ext4): destination with the same identifier (name{equation.2.1}
) has been already used, duplicate ignored
<to be read again> 
                   \relax 
l.233 \begin{equation}
                      
pdfTeX warning (ext4): destination with the same identifier (name{equation.2.1}
) has been already used, duplicate ignored
<to be read again> 
                   \relax 
l.233 \begin{equation}
                      
Underfull \hbox (badness 1253) in paragraph at lines 293--295
\OT1/cmr/m/n/10 where $\OML/cmm/m/it/10 b[]$ \OT1/cmr/m/n/10 is the cut-off in 
the small-angle re-gion
 []

[3
pdfTeX warning (ext4): destination with the same identifier (name{equation.2.1}
) has been already used, duplicate ignored
<argument> ...shipout:D \box_use:N \l_shipout_box 
                                                  \__shipout_drop_firstpage_...
l.329 \end{equation}
                    
pdfTeX warning (ext4): destination with the same identifier (name{equation.2.2}
) has been already used, duplicate ignored
<argument> ...shipout:D \box_use:N \l_shipout_box 
                                                  \__shipout_drop_firstpage_...
l.329 \end{equation}
                    
pdfTeX warning (ext4): destination with the same identifier (name{equation.2.2}
) has been already used, duplicate ignored
<argument> ...shipout:D \box_use:N \l_shipout_box 
                                                  \__shipout_drop_firstpage_...
l.329 \end{equation}
                    
pdfTeX warning (ext4): destination with the same identifier (name{equation.2.2}
) has been already used, duplicate ignored
<argument> ...shipout:D \box_use:N \l_shipout_box 
                                                  \__shipout_drop_firstpage_...
l.329 \end{equation}
                    
pdfTeX warning (ext4): destination with the same identifier (name{equation.2.2}
) has been already used, duplicate ignored
<argument> ...shipout:D \box_use:N \l_shipout_box 
                                                  \__shipout_drop_firstpage_...
l.329 \end{equation}
                    
pdfTeX warning (ext4): destination with the same identifier (name{equation.2.2}
) has been already used, duplicate ignored
<argument> ...shipout:D \box_use:N \l_shipout_box 
                                                  \__shipout_drop_firstpage_...
l.329 \end{equation}
                    ]
pdfTeX warning (ext4): destination with the same identifier (name{equation.2.2}
) has been already used, duplicate ignored
<to be read again> 
                   \relax 
l.346 \begin{equation}
                      
pdfTeX warning (ext4): destination with the same identifier (name{equation.2.2}
) has been already used, duplicate ignored
<to be read again> 
                   \relax 
l.346 \begin{equation}
                      
pdfTeX warning (ext4): destination with the same identifier (name{equation.2.2}
) has been already used, duplicate ignored
<to be read again> 
                   \relax 
l.346 \begin{equation}
                      
pdfTeX warning (ext4): destination with the same identifier (name{equation.2.2}
) has been already used, duplicate ignored
<to be read again> 
                   \relax 
l.346 \begin{equation}
                      
Overfull \hbox (52.98224pt too wide) detected at line 357
[][][]\OML/cmm/m/it/10 b > [] \OT1/cmr/m/n/10 = [] ^^A\OML/cmm/m/it/10 t > [] \
OT1/cmr/m/n/10 ^^A\OML/cmm/m/it/10 t > [] \OT1/cmr/m/n/10 = [] [] \OML/cmm/m/it
/10 :
 []


Underfull \hbox (badness 1521) in paragraph at lines 463--465
[]\OT1/cmr/m/n/10 [Expression (2.1.24) is the re-sult of a quantum-
 []


Underfull \hbox (badness 10000) in paragraph at lines 463--465
\OT1/cmr/m/n/10 mechanical Born-approximation cal-cu-la-tion, valid
 []


Underfull \hbox (badness 10000) in paragraph at lines 463--465
\OT1/cmr/m/n/10 through-out the small-angle, uncertainty-principle
 []

[4
pdfTeX warning (ext4): destination with the same identifier (name{equation.2.2}
) has been already used, duplicate ignored
<argument> ...shipout:D \box_use:N \l_shipout_box 
                                                  \__shipout_drop_firstpage_...
l.490 \begin{equation}
                      
pdfTeX warning (ext4): destination with the same identifier (name{equation.2.4}
) has been already used, duplicate ignored
<argument> ...shipout:D \box_use:N \l_shipout_box 
                                                  \__shipout_drop_firstpage_...
l.490 \begin{equation}
                      
pdfTeX warning (ext4): destination with the same identifier (name{equation.2.4}
) has been already used, duplicate ignored
<argument> ...shipout:D \box_use:N \l_shipout_box 
                                                  \__shipout_drop_firstpage_...
l.490 \begin{equation}
                      
pdfTeX warning (ext4): destination with the same identifier (name{equation.2.4}
) has been already used, duplicate ignored
<argument> ...shipout:D \box_use:N \l_shipout_box 
                                                  \__shipout_drop_firstpage_...
l.490 \begin{equation}
                      ]
pdfTeX warning (ext4): destination with the same identifier (name{equation.2.7}
) has been already used, duplicate ignored
<to be read again> 
                   \relax 
l.490 \begin{equation}
                      
pdfTeX warning (ext4): destination with the same identifier (name{equation.2.7}
) has been already used, duplicate ignored
<to be read again> 
                   \relax 
l.490 \begin{equation}
                      
pdfTeX warning (ext4): destination with the same identifier (name{equation.2.7}
) has been already used, duplicate ignored
<to be read again> 
                   \relax 
l.490 \begin{equation}
                      
pdfTeX warning (ext4): destination with the same identifier (name{equation.2.7}
) has been already used, duplicate ignored
<to be read again> 
                   \relax 
l.490 \begin{equation}
                      
Overfull \hbox (60.7667pt too wide) detected at line 510
[][][]\OML/cmm/m/it/10 "[] \OT1/cmr/m/n/10 = [] [] \OMS/cmsy/m/n/10 ^^A [] [] [
] [] \OML/cmm/m/it/10 v h^^W [] dv:
 []


Overfull \hbox (88.99892pt too wide) detected at line 531
[]
 []


pdfTeX warning (ext4): destination with the same identifier (name{equation.2.7}
) has been already used, duplicate ignored
<to be read again> 
                   \relax 
l.539 \begin{equation}
                      
pdfTeX warning (ext4): destination with the same identifier (name{equation.2.7}
) has been already used, duplicate ignored
<to be read again> 
                   \relax 
l.539 \begin{equation}
                      
pdfTeX warning (ext4): destination with the same identifier (name{equation.2.7}
) has been already used, duplicate ignored
<to be read again> 
                   \relax 
l.539 \begin{equation}
                      
pdfTeX warning (ext4): destination with the same identifier (name{equation.2.7}
) has been already used, duplicate ignored
<to be read again> 
                   \relax 
l.539 \begin{equation}
                      
pdfTeX warning (ext4): destination with the same identifier (name{equation.2.7}
) has been already used, duplicate ignored
<to be read again> 
                   \relax 
l.582 \begin{equation}
                      
pdfTeX warning (ext4): destination with the same identifier (name{equation.2.7}
) has been already used, duplicate ignored
<to be read again> 
                   \relax 
l.582 \begin{equation}
                      
pdfTeX warning (ext4): destination with the same identifier (name{equation.2.7}
) has been already used, duplicate ignored
<to be read again> 
                   \relax 
l.582 \begin{equation}
                      
pdfTeX warning (ext4): destination with the same identifier (name{equation.2.7}
) has been already used, duplicate ignored
<to be read again> 
                   \relax 
l.582 \begin{equation}
                      
Overfull \hbox (125.51541pt too wide) detected at line 619
[]
 []


Overfull \hbox (86.72395pt too wide) detected at line 653
[]
 []

[5]
pdfTeX warning (ext4): destination with the same identifier (name{equation.2.8}
) has been already used, duplicate ignored
<to be read again> 
                   \relax 
l.671 \begin{equation}
                      
pdfTeX warning (ext4): destination with the same identifier (name{equation.2.8}
) has been already used, duplicate ignored
<to be read again> 
                   \relax 
l.671 \begin{equation}
                      
pdfTeX warning (ext4): destination with the same identifier (name{equation.2.8}
) has been already used, duplicate ignored
<to be read again> 
                   \relax 
l.671 \begin{equation}
                      
pdfTeX warning (ext4): destination with the same identifier (name{equation.2.8}
) has been already used, duplicate ignored
<to be read again> 
                   \relax 
l.671 \begin{equation}
                      
Overfull \hbox (73.97963pt too wide) detected at line 700
[]
 []


Overfull \hbox (36.38853pt too wide) detected at line 749
[]
 []

[6
pdfTeX warning (ext4): destination with the same identifier (name{equation.2.9}
) has been already used, duplicate ignored
<argument> ...shipout:D \box_use:N \l_shipout_box 
                                                  \__shipout_drop_firstpage_...
l.815 
      
pdfTeX warning (ext4): destination with the same identifier (name{equation.2.9}
) has been already used, duplicate ignored
<argument> ...shipout:D \box_use:N \l_shipout_box 
                                                  \__shipout_drop_firstpage_...
l.815 
      
pdfTeX warning (ext4): destination with the same identifier (name{equation.2.9}
) has been already used, duplicate ignored
<argument> ...shipout:D \box_use:N \l_shipout_box 
                                                  \__shipout_drop_firstpage_...
l.815 
      
pdfTeX warning (ext4): destination with the same identifier (name{equation.2.9}
) has been already used, duplicate ignored
<argument> ...shipout:D \box_use:N \l_shipout_box 
                                                  \__shipout_drop_firstpage_...
l.815 
      
pdfTeX warning (ext4): destination with the same identifier (name{equation.2.9}
) has been already used, duplicate ignored
<argument> ...shipout:D \box_use:N \l_shipout_box 
                                                  \__shipout_drop_firstpage_...
l.815 
      
pdfTeX warning (ext4): destination with the same identifier (name{equation.2.9}
) has been already used, duplicate ignored
<argument> ...shipout:D \box_use:N \l_shipout_box 
                                                  \__shipout_drop_firstpage_...
l.815 
      
pdfTeX warning (ext4): destination with the same identifier (name{equation.2.9}
) has been already used, duplicate ignored
<argument> ...shipout:D \box_use:N \l_shipout_box 
                                                  \__shipout_drop_firstpage_...
l.815 
      
pdfTeX warning (ext4): destination with the same identifier (name{equation.2.9}
) has been already used, duplicate ignored
<argument> ...shipout:D \box_use:N \l_shipout_box 
                                                  \__shipout_drop_firstpage_...
l.815 
      
pdfTeX warning (ext4): destination with the same identifier (name{equation.2.9}
) has been already used, duplicate ignored
<argument> ...shipout:D \box_use:N \l_shipout_box 
                                                  \__shipout_drop_firstpage_...
l.815 
      ]
pdfTeX warning (ext4): destination with the same identifier (name{equation.2.9}
) has been already used, duplicate ignored
<to be read again> 
                   \relax 
l.821 \begin{equation}
                      
pdfTeX warning (ext4): destination with the same identifier (name{equation.2.9}
) has been already used, duplicate ignored
<to be read again> 
                   \relax 
l.821 \begin{equation}
                      
pdfTeX warning (ext4): destination with the same identifier (name{equation.2.9}
) has been already used, duplicate ignored
<to be read again> 
                   \relax 
l.821 \begin{equation}
                      
pdfTeX warning (ext4): destination with the same identifier (name{equation.2.9}
) has been already used, duplicate ignored
<to be read again> 
                   \relax 
l.821 \begin{equation}
                      
pdfTeX warning (ext4): destination with the same identifier (name{equation.2.9}
) has been already used, duplicate ignored
<to be read again> 
                   \relax 
l.829 \begin{equation}
                      
pdfTeX warning (ext4): destination with the same identifier (name{equation.2.9}
) has been already used, duplicate ignored
<to be read again> 
                   \relax 
l.829 \begin{equation}
                      
pdfTeX warning (ext4): destination with the same identifier (name{equation.2.9}
) has been already used, duplicate ignored
<to be read again> 
                   \relax 
l.829 \begin{equation}
                      
pdfTeX warning (ext4): destination with the same identifier (name{equation.2.9}
) has been already used, duplicate ignored
<to be read again> 
                   \relax 
l.829 \begin{equation}
                      
pdfTeX warning (ext4): destination with the same identifier (name{equation.2.9}
) has been already used, duplicate ignored
<to be read again> 
                   \relax 
l.837 \begin{equation}
                      
pdfTeX warning (ext4): destination with the same identifier (name{equation.2.9}
) has been already used, duplicate ignored
<to be read again> 
                   \relax 
l.837 \begin{equation}
                      
pdfTeX warning (ext4): destination with the same identifier (name{equation.2.9}
) has been already used, duplicate ignored
<to be read again> 
                   \relax 
l.837 \begin{equation}
                      
pdfTeX warning (ext4): destination with the same identifier (name{equation.2.9}
) has been already used, duplicate ignored
<to be read again> 
                   \relax 
l.837 \begin{equation}
                      
Underfull \hbox (badness 1953) in paragraph at lines 841--845
\OT1/cmr/m/n/10 where $\OMS/cmsy/m/n/10 h i$ \OT1/cmr/m/n/10 de-notes an av-er-
age over the Maxwell-
 []


pdfTeX warning (ext4): destination with the same identifier (name{equation.2.9}
) has been already used, duplicate ignored
<to be read again> 
                   \relax 
l.845 \begin{equation}
                      
pdfTeX warning (ext4): destination with the same identifier (name{equation.2.9}
) has been already used, duplicate ignored
<to be read again> 
                   \relax 
l.845 \begin{equation}
                      
pdfTeX warning (ext4): destination with the same identifier (name{equation.2.9}
) has been already used, duplicate ignored
<to be read again> 
                   \relax 
l.845 \begin{equation}
                      
pdfTeX warning (ext4): destination with the same identifier (name{equation.2.9}
) has been already used, duplicate ignored
<to be read again> 
                   \relax 
l.845 \begin{equation}
                      
pdfTeX warning (ext4): destination with the same identifier (name{equation.2.9}
) has been already used, duplicate ignored
<to be read again> 
                   \relax 
l.865 \begin{equation}
                      
pdfTeX warning (ext4): destination with the same identifier (name{equation.2.9}
) has been already used, duplicate ignored
<to be read again> 
                   \relax 
l.865 \begin{equation}
                      
pdfTeX warning (ext4): destination with the same identifier (name{equation.2.9}
) has been already used, duplicate ignored
<to be read again> 
                   \relax 
l.865 \begin{equation}
                      
pdfTeX warning (ext4): destination with the same identifier (name{equation.2.9}
) has been already used, duplicate ignored
<to be read again> 
                   \relax 
l.865 \begin{equation}
                      
pdfTeX warning (ext4): destination with the same identifier (name{equation.2.9}
) has been already used, duplicate ignored
<to be read again> 
                   \relax 
l.882 \begin{equation}
                      
pdfTeX warning (ext4): destination with the same identifier (name{equation.2.9}
) has been already used, duplicate ignored
<to be read again> 
                   \relax 
l.882 \begin{equation}
                      
pdfTeX warning (ext4): destination with the same identifier (name{equation.2.9}
) has been already used, duplicate ignored
<to be read again> 
                   \relax 
l.882 \begin{equation}
                      
pdfTeX warning (ext4): destination with the same identifier (name{equation.2.9}
) has been already used, duplicate ignored
<to be read again> 
                   \relax 
l.882 \begin{equation}
                      
pdfTeX warning (ext4): destination with the same identifier (name{equation.2.9}
) has been already used, duplicate ignored
<to be read again> 
                   \relax 
l.898 \begin{equation}
                      
pdfTeX warning (ext4): destination with the same identifier (name{equation.2.9}
) has been already used, duplicate ignored
<to be read again> 
                   \relax 
l.898 \begin{equation}
                      
pdfTeX warning (ext4): destination with the same identifier (name{equation.2.9}
) has been already used, duplicate ignored
<to be read again> 
                   \relax 
l.898 \begin{equation}
                      
pdfTeX warning (ext4): destination with the same identifier (name{equation.2.9}
) has been already used, duplicate ignored
<to be read again> 
                   \relax 
l.898 \begin{equation}
                      
pdfTeX warning (ext4): destination with the same identifier (name{equation.2.9}
) has been already used, duplicate ignored
<to be read again> 
                   \relax 
l.904 \begin{equation}
                      
pdfTeX warning (ext4): destination with the same identifier (name{equation.2.9}
) has been already used, duplicate ignored
<to be read again> 
                   \relax 
l.904 \begin{equation}
                      
pdfTeX warning (ext4): destination with the same identifier (name{equation.2.9}
) has been already used, duplicate ignored
<to be read again> 
                   \relax 
l.904 \begin{equation}
                      
pdfTeX warning (ext4): destination with the same identifier (name{equation.2.9}
) has been already used, duplicate ignored
<to be read again> 
                   \relax 
l.904 \begin{equation}
                      
pdfTeX warning (ext4): destination with the same identifier (name{equation.2.9}
) has been already used, duplicate ignored
<to be read again> 
                   \relax 
l.909 \begin{equation}
                      
pdfTeX warning (ext4): destination with the same identifier (name{equation.2.9}
) has been already used, duplicate ignored
<to be read again> 
                   \relax 
l.909 \begin{equation}
                      
pdfTeX warning (ext4): destination with the same identifier (name{equation.2.9}
) has been already used, duplicate ignored
<to be read again> 
                   \relax 
l.909 \begin{equation}
                      
pdfTeX warning (ext4): destination with the same identifier (name{equation.2.9}
) has been already used, duplicate ignored
<to be read again> 
                   \relax 
l.909 \begin{equation}
                      
pdfTeX warning (ext4): destination with the same identifier (name{equation.2.9}
) has been already used, duplicate ignored
<to be read again> 
                   \relax 
l.915 \begin{equation}
                      
pdfTeX warning (ext4): destination with the same identifier (name{equation.2.9}
) has been already used, duplicate ignored
<to be read again> 
                   \relax 
l.915 \begin{equation}
                      
pdfTeX warning (ext4): destination with the same identifier (name{equation.2.9}
) has been already used, duplicate ignored
<to be read again> 
                   \relax 
l.915 \begin{equation}
                      
pdfTeX warning (ext4): destination with the same identifier (name{equation.2.9}
) has been already used, duplicate ignored
<to be read again> 
                   \relax 
l.915 \begin{equation}
                      
pdfTeX warning (ext4): destination with the same identifier (name{equation.2.9}
) has been already used, duplicate ignored
<to be read again> 
                   \relax 
l.938 \begin{equation}
                      
pdfTeX warning (ext4): destination with the same identifier (name{equation.2.9}
) has been already used, duplicate ignored
<to be read again> 
                   \relax 
l.938 \begin{equation}
                      
pdfTeX warning (ext4): destination with the same identifier (name{equation.2.9}
) has been already used, duplicate ignored
<to be read again> 
                   \relax 
l.938 \begin{equation}
                      
pdfTeX warning (ext4): destination with the same identifier (name{equation.2.9}
) has been already used, duplicate ignored
<to be read again> 
                   \relax 
l.938 \begin{equation}
                      
pdfTeX warning (ext4): destination with the same identifier (name{equation.2.9}
) has been already used, duplicate ignored
<to be read again> 
                   \relax 
l.944 \begin{equation}
                      
pdfTeX warning (ext4): destination with the same identifier (name{equation.2.9}
) has been already used, duplicate ignored
<to be read again> 
                   \relax 
l.944 \begin{equation}
                      
pdfTeX warning (ext4): destination with the same identifier (name{equation.2.9}
) has been already used, duplicate ignored
<to be read again> 
                   \relax 
l.944 \begin{equation}
                      
pdfTeX warning (ext4): destination with the same identifier (name{equation.2.9}
) has been already used, duplicate ignored
<to be read again> 
                   \relax 
l.944 \begin{equation}
                       [7
pdfTeX warning (ext4): destination with the same identifier (name{equation.2.9}
) has been already used, duplicate ignored
<argument> ...shipout:D \box_use:N \l_shipout_box 
                                                  \__shipout_drop_firstpage_...
l.947 \end{equation}
                    ]
pdfTeX warning (ext4): destination with the same identifier (name{equation.2.9}
) has been already used, duplicate ignored
<to be read again> 
                   \relax 
l.953 \begin{equation}
                      
pdfTeX warning (ext4): destination with the same identifier (name{equation.2.9}
) has been already used, duplicate ignored
<to be read again> 
                   \relax 
l.953 \begin{equation}
                      
pdfTeX warning (ext4): destination with the same identifier (name{equation.2.9}
) has been already used, duplicate ignored
<to be read again> 
                   \relax 
l.953 \begin{equation}
                      
pdfTeX warning (ext4): destination with the same identifier (name{equation.2.9}
) has been already used, duplicate ignored
<to be read again> 
                   \relax 
l.953 \begin{equation}
                      
pdfTeX warning (ext4): destination with the same identifier (name{equation.2.9}
) has been already used, duplicate ignored
<to be read again> 
                   \relax 
l.960 \begin{equation}
                      
pdfTeX warning (ext4): destination with the same identifier (name{equation.2.9}
) has been already used, duplicate ignored
<to be read again> 
                   \relax 
l.960 \begin{equation}
                      
pdfTeX warning (ext4): destination with the same identifier (name{equation.2.9}
) has been already used, duplicate ignored
<to be read again> 
                   \relax 
l.960 \begin{equation}
                      
pdfTeX warning (ext4): destination with the same identifier (name{equation.2.9}
) has been already used, duplicate ignored
<to be read again> 
                   \relax 
l.960 \begin{equation}
                      
pdfTeX warning (ext4): destination with the same identifier (name{equation.2.9}
) has been already used, duplicate ignored
<to be read again> 
                   \relax 
l.967 \begin{equation}
                      
pdfTeX warning (ext4): destination with the same identifier (name{equation.2.9}
) has been already used, duplicate ignored
<to be read again> 
                   \relax 
l.967 \begin{equation}
                      
pdfTeX warning (ext4): destination with the same identifier (name{equation.2.9}
) has been already used, duplicate ignored
<to be read again> 
                   \relax 
l.967 \begin{equation}
                      
pdfTeX warning (ext4): destination with the same identifier (name{equation.2.9}
) has been already used, duplicate ignored
<to be read again> 
                   \relax 
l.967 \begin{equation}
                      
Overfull \hbox (80.03905pt too wide) detected at line 972
[][][]\OML/cmm/m/it/10 ^^W[] \OT1/cmr/m/n/10 = [] \OMS/cmsy/m/n/10 ' \OT1/cmr/m
/n/10 12(\OML/cmm/m/it/10 kT=m[]c[]\OT1/cmr/m/n/10 )[]  []
 []


pdfTeX warning (ext4): destination with the same identifier (name{equation.2.9}
) has been already used, duplicate ignored
<to be read again> 
                   \relax 
l.973 \begin{equation}
                      
pdfTeX warning (ext4): destination with the same identifier (name{equation.2.9}
) has been already used, duplicate ignored
<to be read again> 
                   \relax 
l.973 \begin{equation}
                      
pdfTeX warning (ext4): destination with the same identifier (name{equation.2.9}
) has been already used, duplicate ignored
<to be read again> 
                   \relax 
l.973 \begin{equation}
                      
pdfTeX warning (ext4): destination with the same identifier (name{equation.2.9}
) has been already used, duplicate ignored
<to be read again> 
                   \relax 
l.973 \begin{equation}
                      
pdfTeX warning (ext4): destination with the same identifier (name{equation.2.9}
) has been already used, duplicate ignored
<to be read again> 
                   \relax 
l.1004 \begin{equation}
                       
pdfTeX warning (ext4): destination with the same identifier (name{equation.2.9}
) has been already used, duplicate ignored
<to be read again> 
                   \relax 
l.1004 \begin{equation}
                       
pdfTeX warning (ext4): destination with the same identifier (name{equation.2.9}
) has been already used, duplicate ignored
<to be read again> 
                   \relax 
l.1004 \begin{equation}
                       
pdfTeX warning (ext4): destination with the same identifier (name{equation.2.9}
) has been already used, duplicate ignored
<to be read again> 
                   \relax 
l.1004 \begin{equation}
                       
pdfTeX warning (ext4): destination with the same identifier (name{equation.2.9}
) has been already used, duplicate ignored
<to be read again> 
                   \relax 
l.1012 \begin{equation}
                       
pdfTeX warning (ext4): destination with the same identifier (name{equation.2.9}
) has been already used, duplicate ignored
<to be read again> 
                   \relax 
l.1012 \begin{equation}
                       
pdfTeX warning (ext4): destination with the same identifier (name{equation.2.9}
) has been already used, duplicate ignored
<to be read again> 
                   \relax 
l.1012 \begin{equation}
                       
pdfTeX warning (ext4): destination with the same identifier (name{equation.2.9}
) has been already used, duplicate ignored
<to be read again> 
                   \relax 
l.1012 \begin{equation}
                       
pdfTeX warning (ext4): destination with the same identifier (name{equation.2.9}
) has been already used, duplicate ignored
<to be read again> 
                   \relax 
l.1019 \begin{equation}
                       
pdfTeX warning (ext4): destination with the same identifier (name{equation.2.9}
) has been already used, duplicate ignored
<to be read again> 
                   \relax 
l.1019 \begin{equation}
                       
pdfTeX warning (ext4): destination with the same identifier (name{equation.2.9}
) has been already used, duplicate ignored
<to be read again> 
                   \relax 
l.1019 \begin{equation}
                       
pdfTeX warning (ext4): destination with the same identifier (name{equation.2.9}
) has been already used, duplicate ignored
<to be read again> 
                   \relax 
l.1019 \begin{equation}
                       
pdfTeX warning (ext4): destination with the same identifier (name{equation.2.9}
) has been already used, duplicate ignored
<to be read again> 
                   \relax 
l.1032 \begin{subequations}
                            [8
pdfTeX warning (ext4): destination with the same identifier (name{equation.2.9a
lph1}) has been already used, duplicate ignored
<argument> ...shipout:D \box_use:N \l_shipout_box 
                                                  \__shipout_drop_firstpage_...
l.1088 \begin{equation}
                       
pdfTeX warning (ext4): destination with the same identifier (name{equation.2.10
}) has been already used, duplicate ignored
<argument> ...shipout:D \box_use:N \l_shipout_box 
                                                  \__shipout_drop_firstpage_...
l.1088 \begin{equation}
                       
pdfTeX warning (ext4): destination with the same identifier (name{equation.2.10
}) has been already used, duplicate ignored
<argument> ...shipout:D \box_use:N \l_shipout_box 
                                                  \__shipout_drop_firstpage_...
l.1088 \begin{equation}
                       
pdfTeX warning (ext4): destination with the same identifier (name{equation.2.10
}) has been already used, duplicate ignored
<argument> ...shipout:D \box_use:N \l_shipout_box 
                                                  \__shipout_drop_firstpage_...
l.1088 \begin{equation}
                       ]
pdfTeX warning (ext4): destination with the same identifier (name{equation.2.10
}) has been already used, duplicate ignored
<to be read again> 
                   \relax 
l.1088 \begin{equation}
                       
pdfTeX warning (ext4): destination with the same identifier (name{equation.2.10
}) has been already used, duplicate ignored
<to be read again> 
                   \relax 
l.1088 \begin{equation}
                       
pdfTeX warning (ext4): destination with the same identifier (name{equation.2.10
}) has been already used, duplicate ignored
<to be read again> 
                   \relax 
l.1088 \begin{equation}
                       
pdfTeX warning (ext4): destination with the same identifier (name{equation.2.10
}) has been already used, duplicate ignored
<to be read again> 
                   \relax 
l.1088 \begin{equation}
                       
pdfTeX warning (ext4): destination with the same identifier (name{equation.2.10
}) has been already used, duplicate ignored
<to be read again> 
                   \relax 
l.1093 \begin{equation}
                       
pdfTeX warning (ext4): destination with the same identifier (name{equation.2.10
}) has been already used, duplicate ignored
<to be read again> 
                   \relax 
l.1093 \begin{equation}
                       
pdfTeX warning (ext4): destination with the same identifier (name{equation.2.10
}) has been already used, duplicate ignored
<to be read again> 
                   \relax 
l.1093 \begin{equation}
                       
pdfTeX warning (ext4): destination with the same identifier (name{equation.2.10
}) has been already used, duplicate ignored
<to be read again> 
                   \relax 
l.1093 \begin{equation}
                       
pdfTeX warning (ext4): destination with the same identifier (name{equation.2.10
}) has been already used, duplicate ignored
<to be read again> 
                   \relax 
l.1098 \begin{equation}
                       
pdfTeX warning (ext4): destination with the same identifier (name{equation.2.10
}) has been already used, duplicate ignored
<to be read again> 
                   \relax 
l.1098 \begin{equation}
                       
pdfTeX warning (ext4): destination with the same identifier (name{equation.2.10
}) has been already used, duplicate ignored
<to be read again> 
                   \relax 
l.1098 \begin{equation}
                       
pdfTeX warning (ext4): destination with the same identifier (name{equation.2.10
}) has been already used, duplicate ignored
<to be read again> 
                   \relax 
l.1098 \begin{equation}
                       
pdfTeX warning (ext4): destination with the same identifier (name{equation.2.10
}) has been already used, duplicate ignored
<to be read again> 
                   \relax 
l.1105 \begin{equation}
                       
pdfTeX warning (ext4): destination with the same identifier (name{equation.2.10
}) has been already used, duplicate ignored
<to be read again> 
                   \relax 
l.1105 \begin{equation}
                       
pdfTeX warning (ext4): destination with the same identifier (name{equation.2.10
}) has been already used, duplicate ignored
<to be read again> 
                   \relax 
l.1105 \begin{equation}
                       
pdfTeX warning (ext4): destination with the same identifier (name{equation.2.10
}) has been already used, duplicate ignored
<to be read again> 
                   \relax 
l.1105 \begin{equation}
                       
pdfTeX warning (ext4): destination with the same identifier (name{equation.2.10
}) has been already used, duplicate ignored
<to be read again> 
                   \relax 
l.1116 \begin{equation}
                       
pdfTeX warning (ext4): destination with the same identifier (name{equation.2.10
}) has been already used, duplicate ignored
<to be read again> 
                   \relax 
l.1116 \begin{equation}
                       
pdfTeX warning (ext4): destination with the same identifier (name{equation.2.10
}) has been already used, duplicate ignored
<to be read again> 
                   \relax 
l.1116 \begin{equation}
                       
pdfTeX warning (ext4): destination with the same identifier (name{equation.2.10
}) has been already used, duplicate ignored
<to be read again> 
                   \relax 
l.1116 \begin{equation}
                       
pdfTeX warning (ext4): destination with the same identifier (name{equation.2.10
}) has been already used, duplicate ignored
<to be read again> 
                   \relax 
l.1161 \begin{equation}
                       
pdfTeX warning (ext4): destination with the same identifier (name{equation.2.10
}) has been already used, duplicate ignored
<to be read again> 
                   \relax 
l.1161 \begin{equation}
                       
pdfTeX warning (ext4): destination with the same identifier (name{equation.2.10
}) has been already used, duplicate ignored
<to be read again> 
                   \relax 
l.1161 \begin{equation}
                       
pdfTeX warning (ext4): destination with the same identifier (name{equation.2.10
}) has been already used, duplicate ignored
<to be read again> 
                   \relax 
l.1161 \begin{equation}
                       
Overfull \hbox (264.12042pt too wide) detected at line 1188
[][][]\OML/cmm/m/it/10 m[] \OT1/cmr/m/n/10 = [] \OMS/cmsy/m/n/10 ^^B [] \OT1/cm
r/m/n/10 + [] [] \OMS/cmsy/m/n/10 ^^B [] \OT1/cmr/m/n/10 + []
 []


Overfull \hbox (67.11305pt too wide) detected at line 1201
[]
 []


Overfull \hbox (49.40654pt too wide) detected at line 1208
[]
 []


Overfull \hbox (41.43321pt too wide) detected at line 1221
[]
 []


pdfTeX warning (ext4): destination with the same identifier (name{equation.2.10
}) has been already used, duplicate ignored
<to be read again> 
                   \relax 
l.1225 \begin{equation}
                       
pdfTeX warning (ext4): destination with the same identifier (name{equation.2.10
}) has been already used, duplicate ignored
<to be read again> 
                   \relax 
l.1225 \begin{equation}
                       
pdfTeX warning (ext4): destination with the same identifier (name{equation.2.10
}) has been already used, duplicate ignored
<to be read again> 
                   \relax 
l.1225 \begin{equation}
                       
pdfTeX warning (ext4): destination with the same identifier (name{equation.2.10
}) has been already used, duplicate ignored
<to be read again> 
                   \relax 
l.1225 \begin{equation}
                       
pdfTeX warning (ext4): destination with the same identifier (name{equation.2.10
}) has been already used, duplicate ignored
<to be read again> 
                   \relax 
l.1241 \begin{equation}
                       
pdfTeX warning (ext4): destination with the same identifier (name{equation.2.10
}) has been already used, duplicate ignored
<to be read again> 
                   \relax 
l.1241 \begin{equation}
                       
pdfTeX warning (ext4): destination with the same identifier (name{equation.2.10
}) has been already used, duplicate ignored
<to be read again> 
                   \relax 
l.1241 \begin{equation}
                       
pdfTeX warning (ext4): destination with the same identifier (name{equation.2.10
}) has been already used, duplicate ignored
<to be read again> 
                   \relax 
l.1241 \begin{equation}
                       
pdfTeX warning (ext4): destination with the same identifier (name{equation.2.10
}) has been already used, duplicate ignored
<to be read again> 
                   \relax 
l.1252 \begin{equation}
                       
pdfTeX warning (ext4): destination with the same identifier (name{equation.2.10
}) has been already used, duplicate ignored
<to be read again> 
                   \relax 
l.1252 \begin{equation}
                       
pdfTeX warning (ext4): destination with the same identifier (name{equation.2.10
}) has been already used, duplicate ignored
<to be read again> 
                   \relax 
l.1252 \begin{equation}
                       
pdfTeX warning (ext4): destination with the same identifier (name{equation.2.10
}) has been already used, duplicate ignored
<to be read again> 
                   \relax 
l.1252 \begin{equation}
                       
pdfTeX warning (ext4): destination with the same identifier (name{equation.2.10
}) has been already used, duplicate ignored
<to be read again> 
                   \relax 
l.1260 \begin{equation}
                       
pdfTeX warning (ext4): destination with the same identifier (name{equation.2.10
}) has been already used, duplicate ignored
<to be read again> 
                   \relax 
l.1260 \begin{equation}
                       
pdfTeX warning (ext4): destination with the same identifier (name{equation.2.10
}) has been already used, duplicate ignored
<to be read again> 
                   \relax 
l.1260 \begin{equation}
                       
pdfTeX warning (ext4): destination with the same identifier (name{equation.2.10
}) has been already used, duplicate ignored
<to be read again> 
                   \relax 
l.1260 \begin{equation}
                        [9]
pdfTeX warning (ext4): destination with the same identifier (name{equation.2.10
}) has been already used, duplicate ignored
<to be read again> 
                   \relax 
l.1282 \begin{equation}
                       
pdfTeX warning (ext4): destination with the same identifier (name{equation.2.10
}) has been already used, duplicate ignored
<to be read again> 
                   \relax 
l.1282 \begin{equation}
                       
pdfTeX warning (ext4): destination with the same identifier (name{equation.2.10
}) has been already used, duplicate ignored
<to be read again> 
                   \relax 
l.1282 \begin{equation}
                       
pdfTeX warning (ext4): destination with the same identifier (name{equation.2.10
}) has been already used, duplicate ignored
<to be read again> 
                   \relax 
l.1282 \begin{equation}
                       
pdfTeX warning (ext4): destination with the same identifier (name{equation.2.10
}) has been already used, duplicate ignored
<to be read again> 
                   \relax 
l.1306 \begin{equation}
                       
pdfTeX warning (ext4): destination with the same identifier (name{equation.2.10
}) has been already used, duplicate ignored
<to be read again> 
                   \relax 
l.1306 \begin{equation}
                       
pdfTeX warning (ext4): destination with the same identifier (name{equation.2.10
}) has been already used, duplicate ignored
<to be read again> 
                   \relax 
l.1306 \begin{equation}
                       
pdfTeX warning (ext4): destination with the same identifier (name{equation.2.10
}) has been already used, duplicate ignored
<to be read again> 
                   \relax 
l.1306 \begin{equation}
                       
pdfTeX warning (ext4): destination with the same identifier (name{equation.2.10
}) has been already used, duplicate ignored
<to be read again> 
                   \relax 
l.1321 \begin{equation}
                       
pdfTeX warning (ext4): destination with the same identifier (name{equation.2.10
}) has been already used, duplicate ignored
<to be read again> 
                   \relax 
l.1321 \begin{equation}
                       
pdfTeX warning (ext4): destination with the same identifier (name{equation.2.10
}) has been already used, duplicate ignored
<to be read again> 
                   \relax 
l.1321 \begin{equation}
                       
pdfTeX warning (ext4): destination with the same identifier (name{equation.2.10
}) has been already used, duplicate ignored
<to be read again> 
                   \relax 
l.1321 \begin{equation}
                       
pdfTeX warning (ext4): destination with the same identifier (name{equation.2.10
}) has been already used, duplicate ignored
<to be read again> 
                   \relax 
l.1335 \begin{equation}
                       
pdfTeX warning (ext4): destination with the same identifier (name{equation.2.10
}) has been already used, duplicate ignored
<to be read again> 
                   \relax 
l.1335 \begin{equation}
                       
pdfTeX warning (ext4): destination with the same identifier (name{equation.2.10
}) has been already used, duplicate ignored
<to be read again> 
                   \relax 
l.1335 \begin{equation}
                       
pdfTeX warning (ext4): destination with the same identifier (name{equation.2.10
}) has been already used, duplicate ignored
<to be read again> 
                   \relax 
l.1335 \begin{equation}
                       
pdfTeX warning (ext4): destination with the same identifier (name{equation.2.10
}) has been already used, duplicate ignored
<to be read again> 
                   \relax 
l.1350 \begin{equation}
                       
pdfTeX warning (ext4): destination with the same identifier (name{equation.2.10
}) has been already used, duplicate ignored
<to be read again> 
                   \relax 
l.1350 \begin{equation}
                       
pdfTeX warning (ext4): destination with the same identifier (name{equation.2.10
}) has been already used, duplicate ignored
<to be read again> 
                   \relax 
l.1350 \begin{equation}
                       
pdfTeX warning (ext4): destination with the same identifier (name{equation.2.10
}) has been already used, duplicate ignored
<to be read again> 
                   \relax 
l.1350 \begin{equation}
                       
pdfTeX warning (ext4): destination with the same identifier (name{equation.2.10
}) has been already used, duplicate ignored
<to be read again> 
                   \relax 
l.1362 \begin{equation}
                       
pdfTeX warning (ext4): destination with the same identifier (name{equation.2.10
}) has been already used, duplicate ignored
<to be read again> 
                   \relax 
l.1362 \begin{equation}
                       
pdfTeX warning (ext4): destination with the same identifier (name{equation.2.10
}) has been already used, duplicate ignored
<to be read again> 
                   \relax 
l.1362 \begin{equation}
                       
pdfTeX warning (ext4): destination with the same identifier (name{equation.2.10
}) has been already used, duplicate ignored
<to be read again> 
                   \relax 
l.1362 \begin{equation}
                       
pdfTeX warning (ext4): destination with the same identifier (name{equation.2.10
}) has been already used, duplicate ignored
<to be read again> 
                   \relax 
l.1378 \begin{equation}
                       
pdfTeX warning (ext4): destination with the same identifier (name{equation.2.10
}) has been already used, duplicate ignored
<to be read again> 
                   \relax 
l.1378 \begin{equation}
                       
pdfTeX warning (ext4): destination with the same identifier (name{equation.2.10
}) has been already used, duplicate ignored
<to be read again> 
                   \relax 
l.1378 \begin{equation}
                       
pdfTeX warning (ext4): destination with the same identifier (name{equation.2.10
}) has been already used, duplicate ignored
<to be read again> 
                   \relax 
l.1378 \begin{equation}
                       
pdfTeX warning (ext4): destination with the same identifier (name{equation.2.10
}) has been already used, duplicate ignored
<to be read again> 
                   \relax 
l.1392 \begin{equation}
                       
pdfTeX warning (ext4): destination with the same identifier (name{equation.2.10
}) has been already used, duplicate ignored
<to be read again> 
                   \relax 
l.1392 \begin{equation}
                       
pdfTeX warning (ext4): destination with the same identifier (name{equation.2.10
}) has been already used, duplicate ignored
<to be read again> 
                   \relax 
l.1392 \begin{equation}
                       
pdfTeX warning (ext4): destination with the same identifier (name{equation.2.10
}) has been already used, duplicate ignored
<to be read again> 
                   \relax 
l.1392 \begin{equation}
                       
pdfTeX warning (ext4): destination with the same identifier (name{equation.2.10
}) has been already used, duplicate ignored
<to be read again> 
                   \relax 
l.1403 \begin{equation}
                       
pdfTeX warning (ext4): destination with the same identifier (name{equation.2.10
}) has been already used, duplicate ignored
<to be read again> 
                   \relax 
l.1403 \begin{equation}
                       
pdfTeX warning (ext4): destination with the same identifier (name{equation.2.10
}) has been already used, duplicate ignored
<to be read again> 
                   \relax 
l.1403 \begin{equation}
                       
pdfTeX warning (ext4): destination with the same identifier (name{equation.2.10
}) has been already used, duplicate ignored
<to be read again> 
                   \relax 
l.1403 \begin{equation}
                       
pdfTeX warning (ext4): destination with the same identifier (name{equation.2.10
}) has been already used, duplicate ignored
<to be read again> 
                   \relax 
l.1417 \begin{equation}
                       
pdfTeX warning (ext4): destination with the same identifier (name{equation.2.10
}) has been already used, duplicate ignored
<to be read again> 
                   \relax 
l.1417 \begin{equation}
                       
pdfTeX warning (ext4): destination with the same identifier (name{equation.2.10
}) has been already used, duplicate ignored
<to be read again> 
                   \relax 
l.1417 \begin{equation}
                       
pdfTeX warning (ext4): destination with the same identifier (name{equation.2.10
}) has been already used, duplicate ignored
<to be read again> 
                   \relax 
l.1417 \begin{equation}
                       
pdfTeX warning (ext4): destination with the same identifier (name{equation.2.10
}) has been already used, duplicate ignored
<to be read again> 
                   \relax 
l.1426 \begin{equation}
                       
pdfTeX warning (ext4): destination with the same identifier (name{equation.2.10
}) has been already used, duplicate ignored
<to be read again> 
                   \relax 
l.1426 \begin{equation}
                       
pdfTeX warning (ext4): destination with the same identifier (name{equation.2.10
}) has been already used, duplicate ignored
<to be read again> 
                   \relax 
l.1426 \begin{equation}
                       
pdfTeX warning (ext4): destination with the same identifier (name{equation.2.10
}) has been already used, duplicate ignored
<to be read again> 
                   \relax 
l.1426 \begin{equation}
                       
pdfTeX warning (ext4): destination with the same identifier (name{equation.2.10
}) has been already used, duplicate ignored
<to be read again> 
                   \relax 
l.1433 \begin{equation}
                       
pdfTeX warning (ext4): destination with the same identifier (name{equation.2.10
}) has been already used, duplicate ignored
<to be read again> 
                   \relax 
l.1433 \begin{equation}
                       
pdfTeX warning (ext4): destination with the same identifier (name{equation.2.10
}) has been already used, duplicate ignored
<to be read again> 
                   \relax 
l.1433 \begin{equation}
                       
pdfTeX warning (ext4): destination with the same identifier (name{equation.2.10
}) has been already used, duplicate ignored
<to be read again> 
                   \relax 
l.1433 \begin{equation}
                       
pdfTeX warning (ext4): destination with the same identifier (name{equation.2.10
}) has been already used, duplicate ignored
<to be read again> 
                   \relax 
l.1443 \begin{equation}
                       
pdfTeX warning (ext4): destination with the same identifier (name{equation.2.10
}) has been already used, duplicate ignored
<to be read again> 
                   \relax 
l.1443 \begin{equation}
                       
pdfTeX warning (ext4): destination with the same identifier (name{equation.2.10
}) has been already used, duplicate ignored
<to be read again> 
                   \relax 
l.1443 \begin{equation}
                       
pdfTeX warning (ext4): destination with the same identifier (name{equation.2.10
}) has been already used, duplicate ignored
<to be read again> 
                   \relax 
l.1443 \begin{equation}
                       
pdfTeX warning (ext4): destination with the same identifier (name{equation.2.10
}) has been already used, duplicate ignored
<to be read again> 
                   \relax 
l.1471 \begin{equation}
                       
pdfTeX warning (ext4): destination with the same identifier (name{equation.2.10
}) has been already used, duplicate ignored
<to be read again> 
                   \relax 
l.1471 \begin{equation}
                       
pdfTeX warning (ext4): destination with the same identifier (name{equation.2.10
}) has been already used, duplicate ignored
<to be read again> 
                   \relax 
l.1471 \begin{equation}
                       
pdfTeX warning (ext4): destination with the same identifier (name{equation.2.10
}) has been already used, duplicate ignored
<to be read again> 
                   \relax 
l.1471 \begin{equation}
                        [10]
pdfTeX warning (ext4): destination with the same identifier (name{equation.2.10
}) has been already used, duplicate ignored
<to be read again> 
                   \relax 
l.1483 \begin{equation}
                       
pdfTeX warning (ext4): destination with the same identifier (name{equation.2.10
}) has been already used, duplicate ignored
<to be read again> 
                   \relax 
l.1483 \begin{equation}
                       
pdfTeX warning (ext4): destination with the same identifier (name{equation.2.10
}) has been already used, duplicate ignored
<to be read again> 
                   \relax 
l.1483 \begin{equation}
                       
pdfTeX warning (ext4): destination with the same identifier (name{equation.2.10
}) has been already used, duplicate ignored
<to be read again> 
                   \relax 
l.1483 \begin{equation}
                       
pdfTeX warning (ext4): destination with the same identifier (name{equation.2.10
}) has been already used, duplicate ignored
<to be read again> 
                   \relax 
l.1518 \end{align}
                  
Overfull \hbox (15.70827pt too wide) detected at line 1518
[]
 []


Package amsmath Warning: Foreign command \atop;
(amsmath)                \frac or \genfrac should be used instead
(amsmath)                 on input line 1669.


Overfull \hbox (129.56422pt too wide) detected at line 1672
\OT1/cmr/m/n/10 (\OML/cmm/m/it/10 ^^Z \OT1/cmr/m/n/10 + \OML/cmm/m/it/10 p\OT1/
cmr/m/n/10 ) \OT1/cmr/bx/n/10 a \OT1/cmr/m/n/10 = \OMS/cmsy/m/n/10 ^^@ [] ^^B [
] \OT1/cmr/m/n/10 = \OMS/cmsy/m/n/10 ^^@ [] \OML/cmm/m/it/10 :
 []

[11
pdfTeX warning (ext4): destination with the same identifier (name{equation.2.11
}) has been already used, duplicate ignored
<argument> ...shipout:D \box_use:N \l_shipout_box 
                                                  \__shipout_drop_firstpage_...
l.1672 \]
         
pdfTeX warning (ext4): destination with the same identifier (name{equation.2.11
}) has been already used, duplicate ignored
<argument> ...shipout:D \box_use:N \l_shipout_box 
                                                  \__shipout_drop_firstpage_...
l.1672 \]
         
pdfTeX warning (ext4): destination with the same identifier (name{equation.2.11
}) has been already used, duplicate ignored
<argument> ...shipout:D \box_use:N \l_shipout_box 
                                                  \__shipout_drop_firstpage_...
l.1672 \]
         
pdfTeX warning (ext4): destination with the same identifier (name{equation.2.11
}) has been already used, duplicate ignored
<argument> ...shipout:D \box_use:N \l_shipout_box 
                                                  \__shipout_drop_firstpage_...
l.1672 \]
         
pdfTeX warning (ext4): destination with the same identifier (name{equation.2.11
}) has been already used, duplicate ignored
<argument> ...shipout:D \box_use:N \l_shipout_box 
                                                  \__shipout_drop_firstpage_...
l.1672 \]
         
pdfTeX warning (ext4): destination with the same identifier (name{equation.2.11
}) has been already used, duplicate ignored
<argument> ...shipout:D \box_use:N \l_shipout_box 
                                                  \__shipout_drop_firstpage_...
l.1672 \]
         ]
pdfTeX warning (ext4): destination with the same identifier (name{equation.2.11
}) has been already used, duplicate ignored
<to be read again> 
                   \relax 
l.1680 \begin{equation}
                       
pdfTeX warning (ext4): destination with the same identifier (name{equation.2.11
}) has been already used, duplicate ignored
<to be read again> 
                   \relax 
l.1680 \begin{equation}
                       
pdfTeX warning (ext4): destination with the same identifier (name{equation.2.11
}) has been already used, duplicate ignored
<to be read again> 
                   \relax 
l.1680 \begin{equation}
                       
pdfTeX warning (ext4): destination with the same identifier (name{equation.2.11
}) has been already used, duplicate ignored
<to be read again> 
                   \relax 
l.1680 \begin{equation}
                       
pdfTeX warning (ext4): destination with the same identifier (name{equation.2.11
}) has been already used, duplicate ignored
<to be read again> 
                   \relax 
l.1688 \begin{equation}
                       
pdfTeX warning (ext4): destination with the same identifier (name{equation.2.11
}) has been already used, duplicate ignored
<to be read again> 
                   \relax 
l.1688 \begin{equation}
                       
pdfTeX warning (ext4): destination with the same identifier (name{equation.2.11
}) has been already used, duplicate ignored
<to be read again> 
                   \relax 
l.1688 \begin{equation}
                       
pdfTeX warning (ext4): destination with the same identifier (name{equation.2.11
}) has been already used, duplicate ignored
<to be read again> 
                   \relax 
l.1688 \begin{equation}
                       
pdfTeX warning (ext4): destination with the same identifier (name{equation.2.11
}) has been already used, duplicate ignored
<to be read again> 
                   \relax 
l.1698 \begin{equation}
                       
pdfTeX warning (ext4): destination with the same identifier (name{equation.2.11
}) has been already used, duplicate ignored
<to be read again> 
                   \relax 
l.1698 \begin{equation}
                       
pdfTeX warning (ext4): destination with the same identifier (name{equation.2.11
}) has been already used, duplicate ignored
<to be read again> 
                   \relax 
l.1698 \begin{equation}
                       
pdfTeX warning (ext4): destination with the same identifier (name{equation.2.11
}) has been already used, duplicate ignored
<to be read again> 
                   \relax 
l.1698 \begin{equation}
                       
pdfTeX warning (ext4): destination with the same identifier (name{equation.2.11
}) has been already used, duplicate ignored
<to be read again> 
                   \relax 
l.1722 \begin{equation}
                       
pdfTeX warning (ext4): destination with the same identifier (name{equation.2.11
}) has been already used, duplicate ignored
<to be read again> 
                   \relax 
l.1722 \begin{equation}
                       
pdfTeX warning (ext4): destination with the same identifier (name{equation.2.11
}) has been already used, duplicate ignored
<to be read again> 
                   \relax 
l.1722 \begin{equation}
                       
pdfTeX warning (ext4): destination with the same identifier (name{equation.2.11
}) has been already used, duplicate ignored
<to be read again> 
                   \relax 
l.1722 \begin{equation}
                       
pdfTeX warning (ext4): destination with the same identifier (name{equation.2.11
}) has been already used, duplicate ignored
<to be read again> 
                   \relax 
l.1729 \begin{equation}
                       
pdfTeX warning (ext4): destination with the same identifier (name{equation.2.11
}) has been already used, duplicate ignored
<to be read again> 
                   \relax 
l.1729 \begin{equation}
                       
pdfTeX warning (ext4): destination with the same identifier (name{equation.2.11
}) has been already used, duplicate ignored
<to be read again> 
                   \relax 
l.1729 \begin{equation}
                       
pdfTeX warning (ext4): destination with the same identifier (name{equation.2.11
}) has been already used, duplicate ignored
<to be read again> 
                   \relax 
l.1729 \begin{equation}
                       
pdfTeX warning (ext4): destination with the same identifier (name{equation.2.11
}) has been already used, duplicate ignored
<to be read again> 
                   \relax 
l.1741 \begin{equation}
                       
pdfTeX warning (ext4): destination with the same identifier (name{equation.2.11
}) has been already used, duplicate ignored
<to be read again> 
                   \relax 
l.1741 \begin{equation}
                       
pdfTeX warning (ext4): destination with the same identifier (name{equation.2.11
}) has been already used, duplicate ignored
<to be read again> 
                   \relax 
l.1741 \begin{equation}
                       
pdfTeX warning (ext4): destination with the same identifier (name{equation.2.11
}) has been already used, duplicate ignored
<to be read again> 
                   \relax 
l.1741 \begin{equation}
                       
pdfTeX warning (ext4): destination with the same identifier (name{equation.2.11
}) has been already used, duplicate ignored
<to be read again> 
                   \relax 
l.1748 \begin{equation}
                       
pdfTeX warning (ext4): destination with the same identifier (name{equation.2.11
}) has been already used, duplicate ignored
<to be read again> 
                   \relax 
l.1748 \begin{equation}
                       
pdfTeX warning (ext4): destination with the same identifier (name{equation.2.11
}) has been already used, duplicate ignored
<to be read again> 
                   \relax 
l.1748 \begin{equation}
                       
pdfTeX warning (ext4): destination with the same identifier (name{equation.2.11
}) has been already used, duplicate ignored
<to be read again> 
                   \relax 
l.1748 \begin{equation}
                       
pdfTeX warning (ext4): destination with the same identifier (name{equation.2.11
}) has been already used, duplicate ignored
<to be read again> 
                   \relax 
l.1755 \begin{equation}
                       
pdfTeX warning (ext4): destination with the same identifier (name{equation.2.11
}) has been already used, duplicate ignored
<to be read again> 
                   \relax 
l.1755 \begin{equation}
                       
pdfTeX warning (ext4): destination with the same identifier (name{equation.2.11
}) has been already used, duplicate ignored
<to be read again> 
                   \relax 
l.1755 \begin{equation}
                       
pdfTeX warning (ext4): destination with the same identifier (name{equation.2.11
}) has been already used, duplicate ignored
<to be read again> 
                   \relax 
l.1755 \begin{equation}
                       
pdfTeX warning (ext4): destination with the same identifier (name{equation.2.11
}) has been already used, duplicate ignored
<to be read again> 
                   \relax 
l.1763 \begin{equation}
                       
pdfTeX warning (ext4): destination with the same identifier (name{equation.2.11
}) has been already used, duplicate ignored
<to be read again> 
                   \relax 
l.1763 \begin{equation}
                       
pdfTeX warning (ext4): destination with the same identifier (name{equation.2.11
}) has been already used, duplicate ignored
<to be read again> 
                   \relax 
l.1763 \begin{equation}
                       
pdfTeX warning (ext4): destination with the same identifier (name{equation.2.11
}) has been already used, duplicate ignored
<to be read again> 
                   \relax 
l.1763 \begin{equation}
                       
Underfull \hbox (badness 3525) in paragraph at lines 1768--1769
[]\OT1/cmr/m/n/10 The first law of ther-mo-dy-nam-ics, (2.5.12) and
 []


pdfTeX warning (ext4): destination with the same identifier (name{equation.2.11
}) has been already used, duplicate ignored
<to be read again> 
                   \relax 
l.1770 \begin{equation}
                       
pdfTeX warning (ext4): destination with the same identifier (name{equation.2.11
}) has been already used, duplicate ignored
<to be read again> 
                   \relax 
l.1770 \begin{equation}
                       
pdfTeX warning (ext4): destination with the same identifier (name{equation.2.11
}) has been already used, duplicate ignored
<to be read again> 
                   \relax 
l.1770 \begin{equation}
                       
pdfTeX warning (ext4): destination with the same identifier (name{equation.2.11
}) has been already used, duplicate ignored
<to be read again> 
                   \relax 
l.1770 \begin{equation}
                       
pdfTeX warning (ext4): destination with the same identifier (name{equation.2.11
}) has been already used, duplicate ignored
<to be read again> 
                   \relax 
l.1775 \begin{equation}
                       
pdfTeX warning (ext4): destination with the same identifier (name{equation.2.11
}) has been already used, duplicate ignored
<to be read again> 
                   \relax 
l.1775 \begin{equation}
                       
pdfTeX warning (ext4): destination with the same identifier (name{equation.2.11
}) has been already used, duplicate ignored
<to be read again> 
                   \relax 
l.1775 \begin{equation}
                       
pdfTeX warning (ext4): destination with the same identifier (name{equation.2.11
}) has been already used, duplicate ignored
<to be read again> 
                   \relax 
l.1775 \begin{equation}
                       
pdfTeX warning (ext4): destination with the same identifier (name{equation.2.11
}) has been already used, duplicate ignored
<to be read again> 
                   \relax 
l.1805 \begin{equation}
                       
pdfTeX warning (ext4): destination with the same identifier (name{equation.2.11
}) has been already used, duplicate ignored
<to be read again> 
                   \relax 
l.1805 \begin{equation}
                       
pdfTeX warning (ext4): destination with the same identifier (name{equation.2.11
}) has been already used, duplicate ignored
<to be read again> 
                   \relax 
l.1805 \begin{equation}
                       
pdfTeX warning (ext4): destination with the same identifier (name{equation.2.11
}) has been already used, duplicate ignored
<to be read again> 
                   \relax 
l.1805 \begin{equation}
                       
pdfTeX warning (ext4): destination with the same identifier (name{equation.2.11
}) has been already used, duplicate ignored
<to be read again> 
                   \relax 
l.1814 \begin{equation}
                       
pdfTeX warning (ext4): destination with the same identifier (name{equation.2.11
}) has been already used, duplicate ignored
<to be read again> 
                   \relax 
l.1814 \begin{equation}
                       
pdfTeX warning (ext4): destination with the same identifier (name{equation.2.11
}) has been already used, duplicate ignored
<to be read again> 
                   \relax 
l.1814 \begin{equation}
                       
pdfTeX warning (ext4): destination with the same identifier (name{equation.2.11
}) has been already used, duplicate ignored
<to be read again> 
                   \relax 
l.1814 \begin{equation}
                       
pdfTeX warning (ext4): destination with the same identifier (name{equation.2.11
}) has been already used, duplicate ignored
<to be read again> 
                   \relax 
l.1822 \begin{equation}
                       
pdfTeX warning (ext4): destination with the same identifier (name{equation.2.11
}) has been already used, duplicate ignored
<to be read again> 
                   \relax 
l.1822 \begin{equation}
                       
pdfTeX warning (ext4): destination with the same identifier (name{equation.2.11
}) has been already used, duplicate ignored
<to be read again> 
                   \relax 
l.1822 \begin{equation}
                       
pdfTeX warning (ext4): destination with the same identifier (name{equation.2.11
}) has been already used, duplicate ignored
<to be read again> 
                   \relax 
l.1822 \begin{equation}
                        [12
pdfTeX warning (ext4): destination with the same identifier (name{equation.2.11
}) has been already used, duplicate ignored
<argument> ...shipout:D \box_use:N \l_shipout_box 
                                                  \__shipout_drop_firstpage_...
l.1825 \end{equation}
                     ]
pdfTeX warning (ext4): destination with the same identifier (name{equation.2.11
}) has been already used, duplicate ignored
<to be read again> 
                   \relax 
l.1829 \begin{equation}
                       
pdfTeX warning (ext4): destination with the same identifier (name{equation.2.11
}) has been already used, duplicate ignored
<to be read again> 
                   \relax 
l.1829 \begin{equation}
                       
pdfTeX warning (ext4): destination with the same identifier (name{equation.2.11
}) has been already used, duplicate ignored
<to be read again> 
                   \relax 
l.1829 \begin{equation}
                       
pdfTeX warning (ext4): destination with the same identifier (name{equation.2.11
}) has been already used, duplicate ignored
<to be read again> 
                   \relax 
l.1829 \begin{equation}
                       
pdfTeX warning (ext4): destination with the same identifier (name{equation.2.11
}) has been already used, duplicate ignored
<to be read again> 
                   \relax 
l.1836 \begin{equation}
                       
pdfTeX warning (ext4): destination with the same identifier (name{equation.2.11
}) has been already used, duplicate ignored
<to be read again> 
                   \relax 
l.1836 \begin{equation}
                       
pdfTeX warning (ext4): destination with the same identifier (name{equation.2.11
}) has been already used, duplicate ignored
<to be read again> 
                   \relax 
l.1836 \begin{equation}
                       
pdfTeX warning (ext4): destination with the same identifier (name{equation.2.11
}) has been already used, duplicate ignored
<to be read again> 
                   \relax 
l.1836 \begin{equation}
                       
pdfTeX warning (ext4): destination with the same identifier (name{equation.2.11
}) has been already used, duplicate ignored
<to be read again> 
                   \relax 
l.1843 \begin{equation}
                       
pdfTeX warning (ext4): destination with the same identifier (name{equation.2.11
}) has been already used, duplicate ignored
<to be read again> 
                   \relax 
l.1843 \begin{equation}
                       
pdfTeX warning (ext4): destination with the same identifier (name{equation.2.11
}) has been already used, duplicate ignored
<to be read again> 
                   \relax 
l.1843 \begin{equation}
                       
pdfTeX warning (ext4): destination with the same identifier (name{equation.2.11
}) has been already used, duplicate ignored
<to be read again> 
                   \relax 
l.1843 \begin{equation}
                       
pdfTeX warning (ext4): destination with the same identifier (name{equation.2.11
}) has been already used, duplicate ignored
<to be read again> 
                   \relax 
l.1859 \begin{equation}
                       
pdfTeX warning (ext4): destination with the same identifier (name{equation.2.11
}) has been already used, duplicate ignored
<to be read again> 
                   \relax 
l.1859 \begin{equation}
                       
pdfTeX warning (ext4): destination with the same identifier (name{equation.2.11
}) has been already used, duplicate ignored
<to be read again> 
                   \relax 
l.1859 \begin{equation}
                       
pdfTeX warning (ext4): destination with the same identifier (name{equation.2.11
}) has been already used, duplicate ignored
<to be read again> 
                   \relax 
l.1859 \begin{equation}
                       
pdfTeX warning (ext4): destination with the same identifier (name{equation.2.11
}) has been already used, duplicate ignored
<to be read again> 
                   \relax 
l.1867 \begin{equation}
                       
pdfTeX warning (ext4): destination with the same identifier (name{equation.2.11
}) has been already used, duplicate ignored
<to be read again> 
                   \relax 
l.1867 \begin{equation}
                       
pdfTeX warning (ext4): destination with the same identifier (name{equation.2.11
}) has been already used, duplicate ignored
<to be read again> 
                   \relax 
l.1867 \begin{equation}
                       
pdfTeX warning (ext4): destination with the same identifier (name{equation.2.11
}) has been already used, duplicate ignored
<to be read again> 
                   \relax 
l.1867 \begin{equation}
                       
pdfTeX warning (ext4): destination with the same identifier (name{equation.2.11
}) has been already used, duplicate ignored
<to be read again> 
                   \relax 
l.1894 \begin{equation}
                       
pdfTeX warning (ext4): destination with the same identifier (name{equation.2.11
}) has been already used, duplicate ignored
<to be read again> 
                   \relax 
l.1894 \begin{equation}
                       
pdfTeX warning (ext4): destination with the same identifier (name{equation.2.11
}) has been already used, duplicate ignored
<to be read again> 
                   \relax 
l.1894 \begin{equation}
                       
pdfTeX warning (ext4): destination with the same identifier (name{equation.2.11
}) has been already used, duplicate ignored
<to be read again> 
                   \relax 
l.1894 \begin{equation}
                       
pdfTeX warning (ext4): destination with the same identifier (name{equation.2.11
}) has been already used, duplicate ignored
<to be read again> 
                   \relax 
l.1904 \begin{equation}
                       
pdfTeX warning (ext4): destination with the same identifier (name{equation.2.11
}) has been already used, duplicate ignored
<to be read again> 
                   \relax 
l.1904 \begin{equation}
                       
pdfTeX warning (ext4): destination with the same identifier (name{equation.2.11
}) has been already used, duplicate ignored
<to be read again> 
                   \relax 
l.1904 \begin{equation}
                       
pdfTeX warning (ext4): destination with the same identifier (name{equation.2.11
}) has been already used, duplicate ignored
<to be read again> 
                   \relax 
l.1904 \begin{equation}
                       
pdfTeX warning (ext4): destination with the same identifier (name{equation.2.11
}) has been already used, duplicate ignored
<to be read again> 
                   \relax 
l.1922 \begin{equation}
                       
pdfTeX warning (ext4): destination with the same identifier (name{equation.2.11
}) has been already used, duplicate ignored
<to be read again> 
                   \relax 
l.1922 \begin{equation}
                       
pdfTeX warning (ext4): destination with the same identifier (name{equation.2.11
}) has been already used, duplicate ignored
<to be read again> 
                   \relax 
l.1922 \begin{equation}
                       
pdfTeX warning (ext4): destination with the same identifier (name{equation.2.11
}) has been already used, duplicate ignored
<to be read again> 
                   \relax 
l.1922 \begin{equation}
                       
pdfTeX warning (ext4): destination with the same identifier (name{equation.2.11
}) has been already used, duplicate ignored
<to be read again> 
                   \relax 
l.1943 \begin{equation}
                       
pdfTeX warning (ext4): destination with the same identifier (name{equation.2.11
}) has been already used, duplicate ignored
<to be read again> 
                   \relax 
l.1943 \begin{equation}
                       
pdfTeX warning (ext4): destination with the same identifier (name{equation.2.11
}) has been already used, duplicate ignored
<to be read again> 
                   \relax 
l.1943 \begin{equation}
                       
pdfTeX warning (ext4): destination with the same identifier (name{equation.2.11
}) has been already used, duplicate ignored
<to be read again> 
                   \relax 
l.1943 \begin{equation}
                       
pdfTeX warning (ext4): destination with the same identifier (name{equation.2.11
}) has been already used, duplicate ignored
<to be read again> 
                   \relax 
l.1963 \begin{equation}
                       
pdfTeX warning (ext4): destination with the same identifier (name{equation.2.11
}) has been already used, duplicate ignored
<to be read again> 
                   \relax 
l.1963 \begin{equation}
                       
pdfTeX warning (ext4): destination with the same identifier (name{equation.2.11
}) has been already used, duplicate ignored
<to be read again> 
                   \relax 
l.1963 \begin{equation}
                       
pdfTeX warning (ext4): destination with the same identifier (name{equation.2.11
}) has been already used, duplicate ignored
<to be read again> 
                   \relax 
l.1963 \begin{equation}
                        [13]
pdfTeX warning (ext4): destination with the same identifier (name{equation.2.11
}) has been already used, duplicate ignored
<to be read again> 
                   \relax 
l.1978 \begin{equation}
                       
pdfTeX warning (ext4): destination with the same identifier (name{equation.2.11
}) has been already used, duplicate ignored
<to be read again> 
                   \relax 
l.1978 \begin{equation}
                       
pdfTeX warning (ext4): destination with the same identifier (name{equation.2.11
}) has been already used, duplicate ignored
<to be read again> 
                   \relax 
l.1978 \begin{equation}
                       
pdfTeX warning (ext4): destination with the same identifier (name{equation.2.11
}) has been already used, duplicate ignored
<to be read again> 
                   \relax 
l.1978 \begin{equation}
                       
pdfTeX warning (ext4): destination with the same identifier (name{equation.2.11
}) has been already used, duplicate ignored
<to be read again> 
                   \relax 
l.1993 \begin{equation}
                       
pdfTeX warning (ext4): destination with the same identifier (name{equation.2.11
}) has been already used, duplicate ignored
<to be read again> 
                   \relax 
l.1993 \begin{equation}
                       
pdfTeX warning (ext4): destination with the same identifier (name{equation.2.11
}) has been already used, duplicate ignored
<to be read again> 
                   \relax 
l.1993 \begin{equation}
                       
pdfTeX warning (ext4): destination with the same identifier (name{equation.2.11
}) has been already used, duplicate ignored
<to be read again> 
                   \relax 
l.1993 \begin{equation}
                       
Overfull \hbox (1.0336pt too wide) detected at line 1997
[][][][] \OMS/cmsy/m/n/10 ^^@ [] \OML/cmm/m/it/10 I[] \OT1/cmr/m/n/10 = [];
 []


pdfTeX warning (ext4): destination with the same identifier (name{equation.2.11
}) has been already used, duplicate ignored
<to be read again> 
                   \relax 
l.2013 \begin{equation}
                       
pdfTeX warning (ext4): destination with the same identifier (name{equation.2.11
}) has been already used, duplicate ignored
<to be read again> 
                   \relax 
l.2013 \begin{equation}
                       
pdfTeX warning (ext4): destination with the same identifier (name{equation.2.11
}) has been already used, duplicate ignored
<to be read again> 
                   \relax 
l.2013 \begin{equation}
                       
pdfTeX warning (ext4): destination with the same identifier (name{equation.2.11
}) has been already used, duplicate ignored
<to be read again> 
                   \relax 
l.2013 \begin{equation}
                       
Overfull \hbox (70.13516pt too wide) detected at line 2019
[][][]\OML/cmm/m/it/10 "[] \OMS/cmsy/m/n/10 ^^Q [] \OT1/cmr/m/n/10 = [] \OML/cm
m/m/it/10 :
 []


pdfTeX warning (ext4): destination with the same identifier (name{equation.2.11
}) has been already used, duplicate ignored
<to be read again> 
                   \relax 
l.2024 \begin{equation}
                       
pdfTeX warning (ext4): destination with the same identifier (name{equation.2.11
}) has been already used, duplicate ignored
<to be read again> 
                   \relax 
l.2024 \begin{equation}
                       
pdfTeX warning (ext4): destination with the same identifier (name{equation.2.11
}) has been already used, duplicate ignored
<to be read again> 
                   \relax 
l.2024 \begin{equation}
                       
pdfTeX warning (ext4): destination with the same identifier (name{equation.2.11
}) has been already used, duplicate ignored
<to be read again> 
                   \relax 
l.2024 \begin{equation}
                       
pdfTeX warning (ext4): destination with the same identifier (name{equation.2.11
}) has been already used, duplicate ignored
<to be read again> 
                   \relax 
l.2038 \begin{equation}
                       
pdfTeX warning (ext4): destination with the same identifier (name{equation.2.11
}) has been already used, duplicate ignored
<to be read again> 
                   \relax 
l.2038 \begin{equation}
                       
pdfTeX warning (ext4): destination with the same identifier (name{equation.2.11
}) has been already used, duplicate ignored
<to be read again> 
                   \relax 
l.2038 \begin{equation}
                       
pdfTeX warning (ext4): destination with the same identifier (name{equation.2.11
}) has been already used, duplicate ignored
<to be read again> 
                   \relax 
l.2038 \begin{equation}
                       
pdfTeX warning (ext4): destination with the same identifier (name{equation.2.11
}) has been already used, duplicate ignored
<to be read again> 
                   \relax 
l.2052 \begin{equation}
                       
pdfTeX warning (ext4): destination with the same identifier (name{equation.2.11
}) has been already used, duplicate ignored
<to be read again> 
                   \relax 
l.2052 \begin{equation}
                       
pdfTeX warning (ext4): destination with the same identifier (name{equation.2.11
}) has been already used, duplicate ignored
<to be read again> 
                   \relax 
l.2052 \begin{equation}
                       
pdfTeX warning (ext4): destination with the same identifier (name{equation.2.11
}) has been already used, duplicate ignored
<to be read again> 
                   \relax 
l.2052 \begin{equation}
                       
pdfTeX warning (ext4): destination with the same identifier (name{equation.2.11
}) has been already used, duplicate ignored
<to be read again> 
                   \relax 
l.2069 \begin{equation}
                       
pdfTeX warning (ext4): destination with the same identifier (name{equation.2.11
}) has been already used, duplicate ignored
<to be read again> 
                   \relax 
l.2069 \begin{equation}
                       
pdfTeX warning (ext4): destination with the same identifier (name{equation.2.11
}) has been already used, duplicate ignored
<to be read again> 
                   \relax 
l.2069 \begin{equation}
                       
pdfTeX warning (ext4): destination with the same identifier (name{equation.2.11
}) has been already used, duplicate ignored
<to be read again> 
                   \relax 
l.2069 \begin{equation}
                       
pdfTeX warning (ext4): destination with the same identifier (name{equation.2.11
}) has been already used, duplicate ignored
<to be read again> 
                   \relax 
l.2085 \begin{equation}
                       
pdfTeX warning (ext4): destination with the same identifier (name{equation.2.11
}) has been already used, duplicate ignored
<to be read again> 
                   \relax 
l.2085 \begin{equation}
                       
pdfTeX warning (ext4): destination with the same identifier (name{equation.2.11
}) has been already used, duplicate ignored
<to be read again> 
                   \relax 
l.2085 \begin{equation}
                       
pdfTeX warning (ext4): destination with the same identifier (name{equation.2.11
}) has been already used, duplicate ignored
<to be read again> 
                   \relax 
l.2085 \begin{equation}
                       
Overfull \hbox (14.39153pt too wide) detected at line 2091
[][][][][] \OT1/cmr/m/n/10 = +\OML/cmm/m/it/10 ^^Z[]  [] [] \OT1/cmr/m/n/10 (\O
T1/cmr/bx/n/10 p[]\OML/cmm/m/it/10 ;  \OT1/cmr/bx/n/10 p\OT1/cmr/m/n/10 ) \OML/
cmm/m/it/10 I[] d\OT1/cmr/m/n/10 
[] \OML/cmm/m/it/10 d^^W[]  \OMS/cmsy/m/n/10 ^^@  \OML/cmm/m/it/10 ^^Z[] ^^T[] 
I[]:
 []


pdfTeX warning (ext4): destination with the same identifier (name{equation.2.11
}) has been already used, duplicate ignored
<to be read again> 
                   \relax 
l.2118 \begin{equation}
                       
pdfTeX warning (ext4): destination with the same identifier (name{equation.2.11
}) has been already used, duplicate ignored
<to be read again> 
                   \relax 
l.2118 \begin{equation}
                       
pdfTeX warning (ext4): destination with the same identifier (name{equation.2.11
}) has been already used, duplicate ignored
<to be read again> 
                   \relax 
l.2118 \begin{equation}
                       
pdfTeX warning (ext4): destination with the same identifier (name{equation.2.11
}) has been already used, duplicate ignored
<to be read again> 
                   \relax 
l.2118 \begin{equation}
                       
pdfTeX warning (ext4): destination with the same identifier (name{equation.2.11
}) has been already used, duplicate ignored
<to be read again> 
                   \relax 
l.2129 \begin{equation}
                       
pdfTeX warning (ext4): destination with the same identifier (name{equation.2.11
}) has been already used, duplicate ignored
<to be read again> 
                   \relax 
l.2129 \begin{equation}
                       
pdfTeX warning (ext4): destination with the same identifier (name{equation.2.11
}) has been already used, duplicate ignored
<to be read again> 
                   \relax 
l.2129 \begin{equation}
                       
pdfTeX warning (ext4): destination with the same identifier (name{equation.2.11
}) has been already used, duplicate ignored
<to be read again> 
                   \relax 
l.2129 \begin{equation}
                        [14]
Underfull \hbox (badness 1178) in paragraph at lines 2153--2159
[]\OT1/cmr/m/n/10 As an ap-pli-ca-tion of the equi-lib-rium re-la-tion-ship
 []


pdfTeX warning (ext4): destination with the same identifier (name{equation.2.11
}) has been already used, duplicate ignored
<to be read again> 
                   \relax 
l.2159 \begin{equation}
                       
pdfTeX warning (ext4): destination with the same identifier (name{equation.2.11
}) has been already used, duplicate ignored
<to be read again> 
                   \relax 
l.2159 \begin{equation}
                       
pdfTeX warning (ext4): destination with the same identifier (name{equation.2.11
}) has been already used, duplicate ignored
<to be read again> 
                   \relax 
l.2159 \begin{equation}
                       
pdfTeX warning (ext4): destination with the same identifier (name{equation.2.11
}) has been already used, duplicate ignored
<to be read again> 
                   \relax 
l.2159 \begin{equation}
                       
Overfull \hbox (52.16086pt too wide) detected at line 2166
[][][]\OML/cmm/m/it/10 ^^T[] \OT1/cmr/m/n/10 = (1\OML/cmm/m/it/10 :\OT1/cmr/m/n
/10 50 \OMS/cmsy/m/n/10 ^^B \OT1/cmr/m/n/10 10[] [][] g[]) [] [] [] \OML/cmm/m/
it/10 T[] ^^W[] [] ;
 []


pdfTeX warning (ext4): destination with the same identifier (name{equation.2.11
}) has been already used, duplicate ignored
<to be read again> 
                   \relax 
l.2179 \begin{equation}
                       
pdfTeX warning (ext4): destination with the same identifier (name{equation.2.11
}) has been already used, duplicate ignored
<to be read again> 
                   \relax 
l.2179 \begin{equation}
                       
pdfTeX warning (ext4): destination with the same identifier (name{equation.2.11
}) has been already used, duplicate ignored
<to be read again> 
                   \relax 
l.2179 \begin{equation}
                       
pdfTeX warning (ext4): destination with the same identifier (name{equation.2.11
}) has been already used, duplicate ignored
<to be read again> 
                   \relax 
l.2179 \begin{equation}
                       
Overfull \hbox (111.6719pt too wide) detected at line 2186
[][][][] \OT1/cmr/m/n/10 + (3\OML/cmm/m/it/10 n \OMS/cmsy/m/n/10 ^^A \OML/cmm/m
/it/10 a \OT1/cmr/m/n/10 + [] + 3\OML/cmm/m/it/10 ^^[[]n[]n[]\OT1/cmr/m/n/10 ) 
\OML/cmm/m/it/10 I[] \OT1/cmr/m/n/10 = \OML/cmm/m/it/10 ^^Z[] ^^T[][]B[] \OMS/c
msy/m/n/10 ^^@ \OML/cmm/m/it/10 I[][] \OT1/cmr/m/n/10 + [][] + [][] ;
 []


pdfTeX warning (ext4): destination with the same identifier (name{equation.2.11
}) has been already used, duplicate ignored
<to be read again> 
                   \relax 
l.2190 \begin{equation}
                       
pdfTeX warning (ext4): destination with the same identifier (name{equation.2.11
}) has been already used, duplicate ignored
<to be read again> 
                   \relax 
l.2190 \begin{equation}
                       
pdfTeX warning (ext4): destination with the same identifier (name{equation.2.11
}) has been already used, duplicate ignored
<to be read again> 
                   \relax 
l.2190 \begin{equation}
                       
pdfTeX warning (ext4): destination with the same identifier (name{equation.2.11
}) has been already used, duplicate ignored
<to be read again> 
                   \relax 
l.2190 \begin{equation}
                       
pdfTeX warning (ext4): destination with the same identifier (name{equation.2.11
}) has been already used, duplicate ignored
<to be read again> 
                   \relax 
l.2213 \begin{equation}
                       
pdfTeX warning (ext4): destination with the same identifier (name{equation.2.11
}) has been already used, duplicate ignored
<to be read again> 
                   \relax 
l.2213 \begin{equation}
                       
pdfTeX warning (ext4): destination with the same identifier (name{equation.2.11
}) has been already used, duplicate ignored
<to be read again> 
                   \relax 
l.2213 \begin{equation}
                       
pdfTeX warning (ext4): destination with the same identifier (name{equation.2.11
}) has been already used, duplicate ignored
<to be read again> 
                   \relax 
l.2213 \begin{equation}
                       
pdfTeX warning (ext4): destination with the same identifier (name{equation.2.11
}) has been already used, duplicate ignored
<to be read again> 
                   \relax 
l.2223 \begin{equation}
                       
pdfTeX warning (ext4): destination with the same identifier (name{equation.2.11
}) has been already used, duplicate ignored
<to be read again> 
                   \relax 
l.2223 \begin{equation}
                       
pdfTeX warning (ext4): destination with the same identifier (name{equation.2.11
}) has been already used, duplicate ignored
<to be read again> 
                   \relax 
l.2223 \begin{equation}
                       
pdfTeX warning (ext4): destination with the same identifier (name{equation.2.11
}) has been already used, duplicate ignored
<to be read again> 
                   \relax 
l.2223 \begin{equation}
                       
pdfTeX warning (ext4): destination with the same identifier (name{equation.2.11
}) has been already used, duplicate ignored
<to be read again> 
                   \relax 
l.2237 \begin{equation}
                       
pdfTeX warning (ext4): destination with the same identifier (name{equation.2.11
}) has been already used, duplicate ignored
<to be read again> 
                   \relax 
l.2237 \begin{equation}
                       
pdfTeX warning (ext4): destination with the same identifier (name{equation.2.11
}) has been already used, duplicate ignored
<to be read again> 
                   \relax 
l.2237 \begin{equation}
                       
pdfTeX warning (ext4): destination with the same identifier (name{equation.2.11
}) has been already used, duplicate ignored
<to be read again> 
                   \relax 
l.2237 \begin{equation}
                       
pdfTeX warning (ext4): destination with the same identifier (name{equation.2.11
}) has been already used, duplicate ignored
<to be read again> 
                   \relax 
l.2244 \begin{equation}
                       
pdfTeX warning (ext4): destination with the same identifier (name{equation.2.11
}) has been already used, duplicate ignored
<to be read again> 
                   \relax 
l.2244 \begin{equation}
                       
pdfTeX warning (ext4): destination with the same identifier (name{equation.2.11
}) has been already used, duplicate ignored
<to be read again> 
                   \relax 
l.2244 \begin{equation}
                       
pdfTeX warning (ext4): destination with the same identifier (name{equation.2.11
}) has been already used, duplicate ignored
<to be read again> 
                   \relax 
l.2244 \begin{equation}
                       
pdfTeX warning (ext4): destination with the same identifier (name{equation.2.11
}) has been already used, duplicate ignored
<to be read again> 
                   \relax 
l.2254 \begin{equation}
                       
pdfTeX warning (ext4): destination with the same identifier (name{equation.2.11
}) has been already used, duplicate ignored
<to be read again> 
                   \relax 
l.2254 \begin{equation}
                       
pdfTeX warning (ext4): destination with the same identifier (name{equation.2.11
}) has been already used, duplicate ignored
<to be read again> 
                   \relax 
l.2254 \begin{equation}
                       
pdfTeX warning (ext4): destination with the same identifier (name{equation.2.11
}) has been already used, duplicate ignored
<to be read again> 
                   \relax 
l.2254 \begin{equation}
                       
Overfull \hbox (74.11084pt too wide) detected at line 2261
[][][][][] \OT1/cmr/m/n/10 = [] [] \OML/cmm/m/it/10 :
 []


pdfTeX warning (ext4): destination with the same identifier (name{equation.2.11
}) has been already used, duplicate ignored
<to be read again> 
                   \relax 
l.2274 \begin{equation}
                       
pdfTeX warning (ext4): destination with the same identifier (name{equation.2.11
}) has been already used, duplicate ignored
<to be read again> 
                   \relax 
l.2274 \begin{equation}
                       
pdfTeX warning (ext4): destination with the same identifier (name{equation.2.11
}) has been already used, duplicate ignored
<to be read again> 
                   \relax 
l.2274 \begin{equation}
                       
pdfTeX warning (ext4): destination with the same identifier (name{equation.2.11
}) has been already used, duplicate ignored
<to be read again> 
                   \relax 
l.2274 \begin{equation}
                       
pdfTeX warning (ext4): destination with the same identifier (name{equation.2.11
}) has been already used, duplicate ignored
<to be read again> 
                   \relax 
l.2288 \begin{equation}
                       
pdfTeX warning (ext4): destination with the same identifier (name{equation.2.11
}) has been already used, duplicate ignored
<to be read again> 
                   \relax 
l.2288 \begin{equation}
                       
pdfTeX warning (ext4): destination with the same identifier (name{equation.2.11
}) has been already used, duplicate ignored
<to be read again> 
                   \relax 
l.2288 \begin{equation}
                       
pdfTeX warning (ext4): destination with the same identifier (name{equation.2.11
}) has been already used, duplicate ignored
<to be read again> 
                   \relax 
l.2288 \begin{equation}
                       
pdfTeX warning (ext4): destination with the same identifier (name{equation.2.11
}) has been already used, duplicate ignored
<to be read again> 
                   \relax 
l.2299 \begin{equation}
                       
pdfTeX warning (ext4): destination with the same identifier (name{equation.2.11
}) has been already used, duplicate ignored
<to be read again> 
                   \relax 
l.2299 \begin{equation}
                       
pdfTeX warning (ext4): destination with the same identifier (name{equation.2.11
}) has been already used, duplicate ignored
<to be read again> 
                   \relax 
l.2299 \begin{equation}
                       
pdfTeX warning (ext4): destination with the same identifier (name{equation.2.11
}) has been already used, duplicate ignored
<to be read again> 
                   \relax 
l.2299 \begin{equation}
                       
pdfTeX warning (ext4): destination with the same identifier (name{equation.2.11
}) has been already used, duplicate ignored
<to be read again> 
                   \relax 
l.2306 \begin{equation}
                       
pdfTeX warning (ext4): destination with the same identifier (name{equation.2.11
}) has been already used, duplicate ignored
<to be read again> 
                   \relax 
l.2306 \begin{equation}
                       
pdfTeX warning (ext4): destination with the same identifier (name{equation.2.11
}) has been already used, duplicate ignored
<to be read again> 
                   \relax 
l.2306 \begin{equation}
                       
pdfTeX warning (ext4): destination with the same identifier (name{equation.2.11
}) has been already used, duplicate ignored
<to be read again> 
                   \relax 
l.2306 \begin{equation}
                       
pdfTeX warning (ext4): destination with the same identifier (name{equation.2.11
}) has been already used, duplicate ignored
<to be read again> 
                   \relax 
l.2316 \begin{equation}
                       
pdfTeX warning (ext4): destination with the same identifier (name{equation.2.11
}) has been already used, duplicate ignored
<to be read again> 
                   \relax 
l.2316 \begin{equation}
                       
pdfTeX warning (ext4): destination with the same identifier (name{equation.2.11
}) has been already used, duplicate ignored
<to be read again> 
                   \relax 
l.2316 \begin{equation}
                       
pdfTeX warning (ext4): destination with the same identifier (name{equation.2.11
}) has been already used, duplicate ignored
<to be read again> 
                   \relax 
l.2316 \begin{equation}
                       
Overfull \hbox (97.56874pt too wide) detected at line 2321
[][][]\OML/cmm/m/it/10 I[] ^^W[] \OT1/cmr/m/n/10 = [][](\OML/cmm/m/it/10 "[]=^^
W[]\OT1/cmr/m/n/10 ) \OML/cmm/m/it/10 ^^Z[] dl \OT1/cmr/m/n/10 = (1\OML/cmm/m/i
t/10 =\OT1/cmr/m/n/10 4\OML/cmm/m/it/10 ^^Y\OT1/cmr/m/n/10 ) [](\OML/cmm/m/it/1
0 "[]=^^W[]\OT1/cmr/m/n/10 )[]\OML/cmm/m/it/10 ^^Z[] dl:
 []

[15]
pdfTeX warning (ext4): destination with the same identifier (name{equation.2.11
}) has been already used, duplicate ignored
<to be read again> 
                   \relax 
l.2323 \begin{equation}
                       
pdfTeX warning (ext4): destination with the same identifier (name{equation.2.11
}) has been already used, duplicate ignored
<to be read again> 
                   \relax 
l.2323 \begin{equation}
                       
pdfTeX warning (ext4): destination with the same identifier (name{equation.2.11
}) has been already used, duplicate ignored
<to be read again> 
                   \relax 
l.2323 \begin{equation}
                       
pdfTeX warning (ext4): destination with the same identifier (name{equation.2.11
}) has been already used, duplicate ignored
<to be read again> 
                   \relax 
l.2323 \begin{equation}
                       
pdfTeX warning (ext4): destination with the same identifier (name{equation.2.11
}) has been already used, duplicate ignored
<to be read again> 
                   \relax 
l.2350 \begin{equation}
                       
pdfTeX warning (ext4): destination with the same identifier (name{equation.2.11
}) has been already used, duplicate ignored
<to be read again> 
                   \relax 
l.2350 \begin{equation}
                       
pdfTeX warning (ext4): destination with the same identifier (name{equation.2.11
}) has been already used, duplicate ignored
<to be read again> 
                   \relax 
l.2350 \begin{equation}
                       
pdfTeX warning (ext4): destination with the same identifier (name{equation.2.11
}) has been already used, duplicate ignored
<to be read again> 
                   \relax 
l.2350 \begin{equation}
                       
pdfTeX warning (ext4): destination with the same identifier (name{equation.2.11
}) has been already used, duplicate ignored
<to be read again> 
                   \relax 
l.2358 \begin{equation}
                       
pdfTeX warning (ext4): destination with the same identifier (name{equation.2.11
}) has been already used, duplicate ignored
<to be read again> 
                   \relax 
l.2358 \begin{equation}
                       
pdfTeX warning (ext4): destination with the same identifier (name{equation.2.11
}) has been already used, duplicate ignored
<to be read again> 
                   \relax 
l.2358 \begin{equation}
                       
pdfTeX warning (ext4): destination with the same identifier (name{equation.2.11
}) has been already used, duplicate ignored
<to be read again> 
                   \relax 
l.2358 \begin{equation}
                       
pdfTeX warning (ext4): destination with the same identifier (name{equation.2.11
}) has been already used, duplicate ignored
<to be read again> 
                   \relax 
l.2366 \begin{equation}
                       
pdfTeX warning (ext4): destination with the same identifier (name{equation.2.11
}) has been already used, duplicate ignored
<to be read again> 
                   \relax 
l.2366 \begin{equation}
                       
pdfTeX warning (ext4): destination with the same identifier (name{equation.2.11
}) has been already used, duplicate ignored
<to be read again> 
                   \relax 
l.2366 \begin{equation}
                       
pdfTeX warning (ext4): destination with the same identifier (name{equation.2.11
}) has been already used, duplicate ignored
<to be read again> 
                   \relax 
l.2366 \begin{equation}
                       
pdfTeX warning (ext4): destination with the same identifier (name{equation.2.11
}) has been already used, duplicate ignored
<to be read again> 
                   \relax 
l.2385 \begin{equation}
                       
pdfTeX warning (ext4): destination with the same identifier (name{equation.2.11
}) has been already used, duplicate ignored
<to be read again> 
                   \relax 
l.2385 \begin{equation}
                       
pdfTeX warning (ext4): destination with the same identifier (name{equation.2.11
}) has been already used, duplicate ignored
<to be read again> 
                   \relax 
l.2385 \begin{equation}
                       
pdfTeX warning (ext4): destination with the same identifier (name{equation.2.11
}) has been already used, duplicate ignored
<to be read again> 
                   \relax 
l.2385 \begin{equation}
                       
pdfTeX warning (ext4): destination with the same identifier (name{equation.2.11
}) has been already used, duplicate ignored
<to be read again> 
                   \relax 
l.2395 \begin{equation}
                       
pdfTeX warning (ext4): destination with the same identifier (name{equation.2.11
}) has been already used, duplicate ignored
<to be read again> 
                   \relax 
l.2395 \begin{equation}
                       
pdfTeX warning (ext4): destination with the same identifier (name{equation.2.11
}) has been already used, duplicate ignored
<to be read again> 
                   \relax 
l.2395 \begin{equation}
                       
pdfTeX warning (ext4): destination with the same identifier (name{equation.2.11
}) has been already used, duplicate ignored
<to be read again> 
                   \relax 
l.2395 \begin{equation}
                       
pdfTeX warning (ext4): destination with the same identifier (name{equation.2.11
}) has been already used, duplicate ignored
<to be read again> 
                   \relax 
l.2403 \begin{equation}
                       
pdfTeX warning (ext4): destination with the same identifier (name{equation.2.11
}) has been already used, duplicate ignored
<to be read again> 
                   \relax 
l.2403 \begin{equation}
                       
pdfTeX warning (ext4): destination with the same identifier (name{equation.2.11
}) has been already used, duplicate ignored
<to be read again> 
                   \relax 
l.2403 \begin{equation}
                       
pdfTeX warning (ext4): destination with the same identifier (name{equation.2.11
}) has been already used, duplicate ignored
<to be read again> 
                   \relax 
l.2403 \begin{equation}
                       
pdfTeX warning (ext4): destination with the same identifier (name{equation.2.11
}) has been already used, duplicate ignored
<to be read again> 
                   \relax 
l.2415 \begin{equation}
                       
pdfTeX warning (ext4): destination with the same identifier (name{equation.2.11
}) has been already used, duplicate ignored
<to be read again> 
                   \relax 
l.2415 \begin{equation}
                       
pdfTeX warning (ext4): destination with the same identifier (name{equation.2.11
}) has been already used, duplicate ignored
<to be read again> 
                   \relax 
l.2415 \begin{equation}
                       
pdfTeX warning (ext4): destination with the same identifier (name{equation.2.11
}) has been already used, duplicate ignored
<to be read again> 
                   \relax 
l.2415 \begin{equation}
                       
pdfTeX warning (ext4): destination with the same identifier (name{equation.2.11
}) has been already used, duplicate ignored
<to be read again> 
                   \relax 
l.2425 \begin{equation}
                       
pdfTeX warning (ext4): destination with the same identifier (name{equation.2.11
}) has been already used, duplicate ignored
<to be read again> 
                   \relax 
l.2425 \begin{equation}
                       
pdfTeX warning (ext4): destination with the same identifier (name{equation.2.11
}) has been already used, duplicate ignored
<to be read again> 
                   \relax 
l.2425 \begin{equation}
                       
pdfTeX warning (ext4): destination with the same identifier (name{equation.2.11
}) has been already used, duplicate ignored
<to be read again> 
                   \relax 
l.2425 \begin{equation}
                        [16]
pdfTeX warning (ext4): destination with the same identifier (name{equation.2.11
}) has been already used, duplicate ignored
<to be read again> 
                   \relax 
l.2498 \begin{subequations}
                           
Overfull \hbox (10.66295pt too wide) detected at line 2611
[]
 []

[17
pdfTeX warning (ext4): destination with the same identifier (name{equation.2.12
}) has been already used, duplicate ignored
<argument> ...shipout:D \box_use:N \l_shipout_box 
                                                  \__shipout_drop_firstpage_...
l.2650   \begin{equation}
                         
pdfTeX warning (ext4): destination with the same identifier (name{equation.2.14
}) has been already used, duplicate ignored
<argument> ...shipout:D \box_use:N \l_shipout_box 
                                                  \__shipout_drop_firstpage_...
l.2650   \begin{equation}
                         
pdfTeX warning (ext4): destination with the same identifier (name{equation.2.15
}) has been already used, duplicate ignored
<argument> ...shipout:D \box_use:N \l_shipout_box 
                                                  \__shipout_drop_firstpage_...
l.2650   \begin{equation}
                         ]
Overfull \hbox (91.37459pt too wide) detected at line 2699
[][][][][]
 []


Overfull \hbox (82.33499pt too wide) detected at line 2757
[][][][][]
 []

[18
pdfTeX warning (ext4): destination with the same identifier (name{equation.2.16
}) has been already used, duplicate ignored
<argument> ...shipout:D \box_use:N \l_shipout_box 
                                                  \__shipout_drop_firstpage_...
l.2809 \begin{align}
                    ]
pdfTeX warning (ext4): destination with the same identifier (name{equation.2.16
}) has been already used, duplicate ignored
<to be read again> 
                   \relax 
l.2822 \begin{equation}
                       
pdfTeX warning (ext4): destination with the same identifier (name{equation.2.16
}) has been already used, duplicate ignored
<to be read again> 
                   \relax 
l.2822 \begin{equation}
                       
pdfTeX warning (ext4): destination with the same identifier (name{equation.2.16
}) has been already used, duplicate ignored
<to be read again> 
                   \relax 
l.2822 \begin{equation}
                       
pdfTeX warning (ext4): destination with the same identifier (name{equation.2.16
}) has been already used, duplicate ignored
<to be read again> 
                   \relax 
l.2822 \begin{equation}
                       
pdfTeX warning (ext4): destination with the same identifier (name{equation.2.16
}) has been already used, duplicate ignored
<to be read again> 
                   \relax 
l.2832 \begin{equation}
                       
pdfTeX warning (ext4): destination with the same identifier (name{equation.2.16
}) has been already used, duplicate ignored
<to be read again> 
                   \relax 
l.2832 \begin{equation}
                       
pdfTeX warning (ext4): destination with the same identifier (name{equation.2.16
}) has been already used, duplicate ignored
<to be read again> 
                   \relax 
l.2832 \begin{equation}
                       
pdfTeX warning (ext4): destination with the same identifier (name{equation.2.16
}) has been already used, duplicate ignored
<to be read again> 
                   \relax 
l.2832 \begin{equation}
                       
pdfTeX warning (ext4): destination with the same identifier (name{equation.2.16
}) has been already used, duplicate ignored
<to be read again> 
                   \relax 
l.2853 \begin{equation}
                       
pdfTeX warning (ext4): destination with the same identifier (name{equation.2.16
}) has been already used, duplicate ignored
<to be read again> 
                   \relax 
l.2853 \begin{equation}
                       
pdfTeX warning (ext4): destination with the same identifier (name{equation.2.16
}) has been already used, duplicate ignored
<to be read again> 
                   \relax 
l.2853 \begin{equation}
                       
pdfTeX warning (ext4): destination with the same identifier (name{equation.2.16
}) has been already used, duplicate ignored
<to be read again> 
                   \relax 
l.2853 \begin{equation}
                       
pdfTeX warning (ext4): destination with the same identifier (name{equation.2.16
}) has been already used, duplicate ignored
<to be read again> 
                   \relax 
l.2901 \begin{equation}
                       
pdfTeX warning (ext4): destination with the same identifier (name{equation.2.16
}) has been already used, duplicate ignored
<to be read again> 
                   \relax 
l.2901 \begin{equation}
                       
pdfTeX warning (ext4): destination with the same identifier (name{equation.2.16
}) has been already used, duplicate ignored
<to be read again> 
                   \relax 
l.2901 \begin{equation}
                       
pdfTeX warning (ext4): destination with the same identifier (name{equation.2.16
}) has been already used, duplicate ignored
<to be read again> 
                   \relax 
l.2901 \begin{equation}
                       )
Underfull \hbox (badness 2894) in paragraph at lines 2916--106
[]\OT1/cmr/m/n/10 In sit-u-a-tions of in-ter-est to us [\TS1/cmr/m/n/10 §\OT1/c
mr/m/n/10 5.12; Lynden-
 []

(./sections/sec3_origin.tex [19]
Underfull \hbox (badness 2237) in paragraph at lines 43--54
[]\OT1/cmr/m/n/10 Modern com-pu-ta-tions con-clude that stars whose
 []


Underfull \hbox (badness 10000) in paragraph at lines 86--86
[]|\OT1/cmr/m/n/9 Oxygen det-o-na-tion in the
 []


Overfull \vbox (2.1002pt too high) detected at line 100
 []


Underfull \hbox (badness 10000) in paragraph at lines 132--132
[]|\OT1/cmr/m/n/9 Carbon det-o-na-tion dur-ing
 []

) (./sections/sec4_ism.tex
Underfull \hbox (badness 1253) in paragraph at lines 17--27
[]\OT1/cmr/m/n/10 Consider a black hole at rest in the in-ter-stel-lar
 []


Overfull \hbox (31.78372pt too wide) detected at line 53
[][][][] \OT1/cmr/m/n/10 = 10[] [] [][] [][] []
 []


Overfull \hbox (58.89555pt too wide) detected at line 58
[][][][] \OT1/cmr/m/n/10 = 10[] [] [][] [][]  \OML/cmm/m/it/10 :
 []


Overfull \hbox (40.69768pt too wide) detected at line 68
[][][]\OML/cmm/m/it/10 L[] \OT1/cmr/m/n/10 = [] [] [][] [][]
 []

[20
pdfTeX warning (ext4): destination with the same identifier (name{equation.4.1}
) has been already used, duplicate ignored
<argument> ...shipout:D \box_use:N \l_shipout_box 
                                                  \__shipout_drop_firstpage_...
l.74 
     
pdfTeX warning (ext4): destination with the same identifier (name{equation.4.1}
) has been already used, duplicate ignored
<argument> ...shipout:D \box_use:N \l_shipout_box 
                                                  \__shipout_drop_firstpage_...
l.74 
     
pdfTeX warning (ext4): destination with the same identifier (name{equation.4.1}
) has been already used, duplicate ignored
<argument> ...shipout:D \box_use:N \l_shipout_box 
                                                  \__shipout_drop_firstpage_...
l.74 
     
pdfTeX warning (ext4): destination with the same identifier (name{equation.4.1}
) has been already used, duplicate ignored
<argument> ...shipout:D \box_use:N \l_shipout_box 
                                                  \__shipout_drop_firstpage_...
l.74 
     
pdfTeX warning (ext4): destination with the same identifier (name{equation.4.1}
) has been already used, duplicate ignored
<argument> ...shipout:D \box_use:N \l_shipout_box 
                                                  \__shipout_drop_firstpage_...
l.74 
     ]
pdfTeX warning (ext4): destination with the same identifier (name{equation.4.1}
) has been already used, duplicate ignored
<to be read again> 
                   \relax 
l.97 \begin{equation}
                     
pdfTeX warning (ext4): destination with the same identifier (name{equation.4.1}
) has been already used, duplicate ignored
<to be read again> 
                   \relax 
l.97 \begin{equation}
                     
pdfTeX warning (ext4): destination with the same identifier (name{equation.4.1}
) has been already used, duplicate ignored
<to be read again> 
                   \relax 
l.97 \begin{equation}
                     
pdfTeX warning (ext4): destination with the same identifier (name{equation.4.1}
) has been already used, duplicate ignored
<to be read again> 
                   \relax 
l.97 \begin{equation}
                     
pdfTeX warning (ext4): destination with the same identifier (name{equation.4.1}
) has been already used, duplicate ignored
<to be read again> 
                   \relax 
l.104 \begin{equation}
                      
pdfTeX warning (ext4): destination with the same identifier (name{equation.4.1}
) has been already used, duplicate ignored
<to be read again> 
                   \relax 
l.104 \begin{equation}
                      
pdfTeX warning (ext4): destination with the same identifier (name{equation.4.1}
) has been already used, duplicate ignored
<to be read again> 
                   \relax 
l.104 \begin{equation}
                      
pdfTeX warning (ext4): destination with the same identifier (name{equation.4.1}
) has been already used, duplicate ignored
<to be read again> 
                   \relax 
l.104 \begin{equation}
                       [21]
pdfTeX warning (ext4): destination with the same identifier (name{equation.4.1}
) has been already used, duplicate ignored
<to be read again> 
                   \relax 
l.134 \begin{equation}
                      
pdfTeX warning (ext4): destination with the same identifier (name{equation.4.1}
) has been already used, duplicate ignored
<to be read again> 
                   \relax 
l.134 \begin{equation}
                      
pdfTeX warning (ext4): destination with the same identifier (name{equation.4.1}
) has been already used, duplicate ignored
<to be read again> 
                   \relax 
l.134 \begin{equation}
                      
pdfTeX warning (ext4): destination with the same identifier (name{equation.4.1}
) has been already used, duplicate ignored
<to be read again> 
                   \relax 
l.134 \begin{equation}
                      
pdfTeX warning (ext4): destination with the same identifier (name{equation.4.1}
) has been already used, duplicate ignored
<to be read again> 
                   \relax 
l.149 \begin{equation}
                      
pdfTeX warning (ext4): destination with the same identifier (name{equation.4.1}
) has been already used, duplicate ignored
<to be read again> 
                   \relax 
l.149 \begin{equation}
                      
pdfTeX warning (ext4): destination with the same identifier (name{equation.4.1}
) has been already used, duplicate ignored
<to be read again> 
                   \relax 
l.149 \begin{equation}
                      
pdfTeX warning (ext4): destination with the same identifier (name{equation.4.1}
) has been already used, duplicate ignored
<to be read again> 
                   \relax 
l.149 \begin{equation}
                       [22]

LaTeX Warning: A float is stuck (cannot be placed); try class option [floatfix]
 on input line 258.


pdfTeX warning (ext4): destination with the same identifier (name{equation.4.1}
) has been already used, duplicate ignored
<to be read again> 
                   \relax 
l.264 \begin{equation}
                      
pdfTeX warning (ext4): destination with the same identifier (name{equation.4.1}
) has been already used, duplicate ignored
<to be read again> 
                   \relax 
l.264 \begin{equation}
                      
pdfTeX warning (ext4): destination with the same identifier (name{equation.4.1}
) has been already used, duplicate ignored
<to be read again> 
                   \relax 
l.264 \begin{equation}
                      
pdfTeX warning (ext4): destination with the same identifier (name{equation.4.1}
) has been already used, duplicate ignored
<to be read again> 
                   \relax 
l.264 \begin{equation}
                      
pdfTeX warning (ext4): destination with the same identifier (name{equation.4.1}
) has been already used, duplicate ignored
<to be read again> 
                   \relax 
l.272 \begin{equation}
                      
pdfTeX warning (ext4): destination with the same identifier (name{equation.4.1}
) has been already used, duplicate ignored
<to be read again> 
                   \relax 
l.272 \begin{equation}
                      
pdfTeX warning (ext4): destination with the same identifier (name{equation.4.1}
) has been already used, duplicate ignored
<to be read again> 
                   \relax 
l.272 \begin{equation}
                      
pdfTeX warning (ext4): destination with the same identifier (name{equation.4.1}
) has been already used, duplicate ignored
<to be read again> 
                   \relax 
l.272 \begin{equation}
                      
pdfTeX warning (ext4): destination with the same identifier (name{equation.4.1}
) has been already used, duplicate ignored
<to be read again> 
                   \relax 
l.280 \begin{equation}
                      
pdfTeX warning (ext4): destination with the same identifier (name{equation.4.1}
) has been already used, duplicate ignored
<to be read again> 
                   \relax 
l.280 \begin{equation}
                      
pdfTeX warning (ext4): destination with the same identifier (name{equation.4.1}
) has been already used, duplicate ignored
<to be read again> 
                   \relax 
l.280 \begin{equation}
                      
pdfTeX warning (ext4): destination with the same identifier (name{equation.4.1}
) has been already used, duplicate ignored
<to be read again> 
                   \relax 
l.280 \begin{equation}
                      
pdfTeX warning (ext4): destination with the same identifier (name{equation.4.1}
) has been already used, duplicate ignored
<to be read again> 
                   \relax 
l.289 \begin{equation}
                      
pdfTeX warning (ext4): destination with the same identifier (name{equation.4.1}
) has been already used, duplicate ignored
<to be read again> 
                   \relax 
l.289 \begin{equation}
                      
pdfTeX warning (ext4): destination with the same identifier (name{equation.4.1}
) has been already used, duplicate ignored
<to be read again> 
                   \relax 
l.289 \begin{equation}
                      
pdfTeX warning (ext4): destination with the same identifier (name{equation.4.1}
) has been already used, duplicate ignored
<to be read again> 
                   \relax 
l.289 \begin{equation}
                      
pdfTeX warning (ext4): destination with the same identifier (name{equation.4.1}
) has been already used, duplicate ignored
<to be read again> 
                   \relax 
l.296 \begin{equation}
                      
pdfTeX warning (ext4): destination with the same identifier (name{equation.4.1}
) has been already used, duplicate ignored
<to be read again> 
                   \relax 
l.296 \begin{equation}
                      
pdfTeX warning (ext4): destination with the same identifier (name{equation.4.1}
) has been already used, duplicate ignored
<to be read again> 
                   \relax 
l.296 \begin{equation}
                      
pdfTeX warning (ext4): destination with the same identifier (name{equation.4.1}
) has been already used, duplicate ignored
<to be read again> 
                   \relax 
l.296 \begin{equation}
                      
pdfTeX warning (ext4): destination with the same identifier (name{equation.4.1}
) has been already used, duplicate ignored
<to be read again> 
                   \relax 
l.307 \begin{equation}
                      
pdfTeX warning (ext4): destination with the same identifier (name{equation.4.1}
) has been already used, duplicate ignored
<to be read again> 
                   \relax 
l.307 \begin{equation}
                      
pdfTeX warning (ext4): destination with the same identifier (name{equation.4.1}
) has been already used, duplicate ignored
<to be read again> 
                   \relax 
l.307 \begin{equation}
                      
pdfTeX warning (ext4): destination with the same identifier (name{equation.4.1}
) has been already used, duplicate ignored
<to be read again> 
                   \relax 
l.307 \begin{equation}
                      
Overfull \hbox (19.19093pt too wide) detected at line 312
[][][][] \OT1/cmr/m/n/10 = 4\OML/cmm/m/it/10 ^^Y  G[]M[] ^^Z[] a[] \OT1/cmr/m/
n/10 = 4^^@[] \OML/cmm/m/it/10  G[] M[] ^^Z[] \OT1/cmr/m/n/10 (\OML/cmm/m/it/1
0 m[]=kT[]\OT1/cmr/m/n/10 )[] \OML/cmm/m/it/10 :
 []


pdfTeX warning (ext4): destination with the same identifier (name{equation.4.1}
) has been already used, duplicate ignored
<to be read again> 
                   \relax 
l.316 \begin{equation}
                      
pdfTeX warning (ext4): destination with the same identifier (name{equation.4.1}
) has been already used, duplicate ignored
<to be read again> 
                   \relax 
l.316 \begin{equation}
                      
pdfTeX warning (ext4): destination with the same identifier (name{equation.4.1}
) has been already used, duplicate ignored
<to be read again> 
                   \relax 
l.316 \begin{equation}
                      
pdfTeX warning (ext4): destination with the same identifier (name{equation.4.1}
) has been already used, duplicate ignored
<to be read again> 
                   \relax 
l.316 \begin{equation}
                      
pdfTeX warning (ext4): destination with the same identifier (name{equation.4.1}
) has been already used, duplicate ignored
<to be read again> 
                   \relax 
l.326 \end{align}
                 
Underfull \hbox (badness 2626) in paragraph at lines 326--330
\OT1/cmr/m/n/10 and we have used the equa-tion of state $\OML/cmm/m/it/10 p[] \
OT1/cmr/m/n/10 =
 []


Underfull \hbox (badness 2671) in paragraph at lines 340--344
[]\OT1/cmr/m/n/10 It is now straight-for-ward to de-rive from equa-
 []

[23
pdfTeX warning (ext4): destination with the same identifier (name{equation.4.2}
) has been already used, duplicate ignored
<argument> ...shipout:D \box_use:N \l_shipout_box 
                                                  \__shipout_drop_firstpage_...
l.400 
      
pdfTeX warning (ext4): destination with the same identifier (name{equation.4.2}
) has been already used, duplicate ignored
<argument> ...shipout:D \box_use:N \l_shipout_box 
                                                  \__shipout_drop_firstpage_...
l.400 
      
pdfTeX warning (ext4): destination with the same identifier (name{equation.4.2}
) has been already used, duplicate ignored
<argument> ...shipout:D \box_use:N \l_shipout_box 
                                                  \__shipout_drop_firstpage_...
l.400 
      
pdfTeX warning (ext4): destination with the same identifier (name{equation.4.2}
) has been already used, duplicate ignored
<argument> ...shipout:D \box_use:N \l_shipout_box 
                                                  \__shipout_drop_firstpage_...
l.400 
      ]
pdfTeX warning (ext4): destination with the same identifier (name{equation.4.2}
) has been already used, duplicate ignored
<to be read again> 
                   \relax 
l.403 \begin{equation}
                      
pdfTeX warning (ext4): destination with the same identifier (name{equation.4.2}
) has been already used, duplicate ignored
<to be read again> 
                   \relax 
l.403 \begin{equation}
                      
pdfTeX warning (ext4): destination with the same identifier (name{equation.4.2}
) has been already used, duplicate ignored
<to be read again> 
                   \relax 
l.403 \begin{equation}
                      
pdfTeX warning (ext4): destination with the same identifier (name{equation.4.2}
) has been already used, duplicate ignored
<to be read again> 
                   \relax 
l.403 \begin{equation}
                      
pdfTeX warning (ext4): destination with the same identifier (name{equation.4.2}
) has been already used, duplicate ignored
<to be read again> 
                   \relax 
l.412 \begin{equation}
                      
pdfTeX warning (ext4): destination with the same identifier (name{equation.4.2}
) has been already used, duplicate ignored
<to be read again> 
                   \relax 
l.412 \begin{equation}
                      
pdfTeX warning (ext4): destination with the same identifier (name{equation.4.2}
) has been already used, duplicate ignored
<to be read again> 
                   \relax 
l.412 \begin{equation}
                      
pdfTeX warning (ext4): destination with the same identifier (name{equation.4.2}
) has been already used, duplicate ignored
<to be read again> 
                   \relax 
l.412 \begin{equation}
                      
Overfull \hbox (26.06345pt too wide) detected at line 418
[][][][] \OMS/cmsy/m/n/10 ' [] [][] [] [][]  \OML/cmm/m/it/10 :
 []


pdfTeX warning (ext4): destination with the same identifier (name{equation.4.2}
) has been already used, duplicate ignored
<to be read again> 
                   \relax 
l.439 \begin{equation}
                      
pdfTeX warning (ext4): destination with the same identifier (name{equation.4.2}
) has been already used, duplicate ignored
<to be read again> 
                   \relax 
l.439 \begin{equation}
                      
pdfTeX warning (ext4): destination with the same identifier (name{equation.4.2}
) has been already used, duplicate ignored
<to be read again> 
                   \relax 
l.439 \begin{equation}
                      
pdfTeX warning (ext4): destination with the same identifier (name{equation.4.2}
) has been already used, duplicate ignored
<to be read again> 
                   \relax 
l.439 \begin{equation}
                      
Overfull \hbox (34.29251pt too wide) detected at line 446
[][][]\OML/cmm/m/it/10 "[] \OT1/cmr/m/n/10 = []5 \OMS/cmsy/m/n/10 ^^B \OT1/cmr/
m/n/10 10[] [][][] (\OML/cmm/m/it/10 ^^Z=[][]\OT1/cmr/m/n/10 ) [][] [][]
 []


pdfTeX warning (ext4): destination with the same identifier (name{equation.4.2}
) has been already used, duplicate ignored
<to be read again> 
                   \relax 
l.451 \begin{equation}
                      
pdfTeX warning (ext4): destination with the same identifier (name{equation.4.2}
) has been already used, duplicate ignored
<to be read again> 
                   \relax 
l.451 \begin{equation}
                      
pdfTeX warning (ext4): destination with the same identifier (name{equation.4.2}
) has been already used, duplicate ignored
<to be read again> 
                   \relax 
l.451 \begin{equation}
                      
pdfTeX warning (ext4): destination with the same identifier (name{equation.4.2}
) has been already used, duplicate ignored
<to be read again> 
                   \relax 
l.451 \begin{equation}
                      
pdfTeX warning (ext4): destination with the same identifier (name{equation.4.2}
) has been already used, duplicate ignored
<to be read again> 
                   \relax 
l.461 \begin{equation}
                      
pdfTeX warning (ext4): destination with the same identifier (name{equation.4.2}
) has been already used, duplicate ignored
<to be read again> 
                   \relax 
l.461 \begin{equation}
                      
pdfTeX warning (ext4): destination with the same identifier (name{equation.4.2}
) has been already used, duplicate ignored
<to be read again> 
                   \relax 
l.461 \begin{equation}
                      
pdfTeX warning (ext4): destination with the same identifier (name{equation.4.2}
) has been already used, duplicate ignored
<to be read again> 
                   \relax 
l.461 \begin{equation}
                      
pdfTeX warning (ext4): destination with the same identifier (name{equation.4.2}
) has been already used, duplicate ignored
<to be read again> 
                   \relax 
l.468 \begin{equation}
                      
pdfTeX warning (ext4): destination with the same identifier (name{equation.4.2}
) has been already used, duplicate ignored
<to be read again> 
                   \relax 
l.468 \begin{equation}
                      
pdfTeX warning (ext4): destination with the same identifier (name{equation.4.2}
) has been already used, duplicate ignored
<to be read again> 
                   \relax 
l.468 \begin{equation}
                      
pdfTeX warning (ext4): destination with the same identifier (name{equation.4.2}
) has been already used, duplicate ignored
<to be read again> 
                   \relax 
l.468 \begin{equation}
                      
Overfull \hbox (45.85527pt too wide) detected at line 475
[][][]\OML/cmm/m/it/10 "[] \OT1/cmr/m/n/10 = []3 \OMS/cmsy/m/n/10 ^^B \OT1/cmr/
m/n/10 10[] [][]\OML/cmm/m/it/10 =\OT1/cmr/m/n/10 ([])[] [][] [][] [][]  \OML/c
mm/m/it/10 :
 []


pdfTeX warning (ext4): destination with the same identifier (name{equation.4.2}
) has been already used, duplicate ignored
<to be read again> 
                   \relax 
l.481 \begin{equation}
                      
pdfTeX warning (ext4): destination with the same identifier (name{equation.4.2}
) has been already used, duplicate ignored
<to be read again> 
                   \relax 
l.481 \begin{equation}
                      
pdfTeX warning (ext4): destination with the same identifier (name{equation.4.2}
) has been already used, duplicate ignored
<to be read again> 
                   \relax 
l.481 \begin{equation}
                      
pdfTeX warning (ext4): destination with the same identifier (name{equation.4.2}
) has been already used, duplicate ignored
<to be read again> 
                   \relax 
l.481 \begin{equation}
                      
Overfull \hbox (188.3668pt too wide) detected at line 490
[][][]\OML/cmm/m/it/10 L[] \OT1/cmr/m/n/10 = [][] \OML/cmm/m/it/10 "[] ^^Z \OT1
/cmr/m/n/10 4\OML/cmm/m/it/10 ^^Yr[] dr \OMS/cmsy/m/n/10 ^^X [] [][] [][] [][] 
 \OML/cmm/m/it/10 ;  []\OT1/cmr/m/n/10 ^^@ = 1\OML/cmm/m/it/10 :\OT1/cmr/m/n/10
 4\OML/cmm/m/it/10 :
 []


pdfTeX warning (ext4): destination with the same identifier (name{equation.4.2}
) has been already used, duplicate ignored
<to be read again> 
                   \relax 
l.512 \begin{equation}
                      
pdfTeX warning (ext4): destination with the same identifier (name{equation.4.2}
) has been already used, duplicate ignored
<to be read again> 
                   \relax 
l.512 \begin{equation}
                      
pdfTeX warning (ext4): destination with the same identifier (name{equation.4.2}
) has been already used, duplicate ignored
<to be read again> 
                   \relax 
l.512 \begin{equation}
                      
pdfTeX warning (ext4): destination with the same identifier (name{equation.4.2}
) has been already used, duplicate ignored
<to be read again> 
                   \relax 
l.512 \begin{equation}
                      
pdfTeX warning (ext4): destination with the same identifier (name{equation.4.2}
) has been already used, duplicate ignored
<to be read again> 
                   \relax 
l.525 \begin{equation}
                      
pdfTeX warning (ext4): destination with the same identifier (name{equation.4.2}
) has been already used, duplicate ignored
<to be read again> 
                   \relax 
l.525 \begin{equation}
                      
pdfTeX warning (ext4): destination with the same identifier (name{equation.4.2}
) has been already used, duplicate ignored
<to be read again> 
                   \relax 
l.525 \begin{equation}
                      
pdfTeX warning (ext4): destination with the same identifier (name{equation.4.2}
) has been already used, duplicate ignored
<to be read again> 
                   \relax 
l.525 \begin{equation}
                      
pdfTeX warning (ext4): destination with the same identifier (name{equation.4.2}
) has been already used, duplicate ignored
<to be read again> 
                   \relax 
l.533 \begin{equation}
                      
pdfTeX warning (ext4): destination with the same identifier (name{equation.4.2}
) has been already used, duplicate ignored
<to be read again> 
                   \relax 
l.533 \begin{equation}
                      
pdfTeX warning (ext4): destination with the same identifier (name{equation.4.2}
) has been already used, duplicate ignored
<to be read again> 
                   \relax 
l.533 \begin{equation}
                      
pdfTeX warning (ext4): destination with the same identifier (name{equation.4.2}
) has been already used, duplicate ignored
<to be read again> 
                   \relax 
l.533 \begin{equation}
                      
Overfull \hbox (29.98444pt too wide) detected at line 540
[][][]\OML/cmm/m/it/10 E[] \OT1/cmr/m/n/10 = [] [][] \OMS/cmsy/m/n/10 / \OML/cm
m/m/it/10 r[] ^^Z[] \OMS/cmsy/m/n/10 / \OML/cmm/m/it/10 r[] r[] \OT1/cmr/m/n/10
 = \OML/cmm/m/it/10 r[] :
 []


pdfTeX warning (ext4): destination with the same identifier (name{equation.4.2}
) has been already used, duplicate ignored
<to be read again> 
                   \relax 
l.545 \begin{equation}
                      
pdfTeX warning (ext4): destination with the same identifier (name{equation.4.2}
) has been already used, duplicate ignored
<to be read again> 
                   \relax 
l.545 \begin{equation}
                      
pdfTeX warning (ext4): destination with the same identifier (name{equation.4.2}
) has been already used, duplicate ignored
<to be read again> 
                   \relax 
l.545 \begin{equation}
                      
pdfTeX warning (ext4): destination with the same identifier (name{equation.4.2}
) has been already used, duplicate ignored
<to be read again> 
                   \relax 
l.545 \begin{equation}
                       [24]
pdfTeX warning (ext4): destination with the same identifier (name{equation.4.2}
) has been already used, duplicate ignored
<to be read again> 
                   \relax 
l.562 \begin{equation}
                      
pdfTeX warning (ext4): destination with the same identifier (name{equation.4.2}
) has been already used, duplicate ignored
<to be read again> 
                   \relax 
l.562 \begin{equation}
                      
pdfTeX warning (ext4): destination with the same identifier (name{equation.4.2}
) has been already used, duplicate ignored
<to be read again> 
                   \relax 
l.562 \begin{equation}
                      
pdfTeX warning (ext4): destination with the same identifier (name{equation.4.2}
) has been already used, duplicate ignored
<to be read again> 
                   \relax 
l.562 \begin{equation}
                      
Overfull \hbox (32.20361pt too wide) detected at line 570
[][][][][][] \OT1/cmr/m/n/10 = [] \OMS/cmsy/m/n/10 ^^X \OT1/cmr/m/n/10 4\OML/cm
m/m/it/10 u[] \OMS/cmsy/m/n/10 ^^X \OT1/cmr/m/n/10 4\OML/cmm/m/it/10 ^^Zv[] \OM
S/cmsy/m/n/10 ^^X \OT1/cmr/m/n/10 4 [] \OMS/cmsy/m/n/10 ^^X []
 []


pdfTeX warning (ext4): destination with the same identifier (name{equation.4.2}
) has been already used, duplicate ignored
<to be read again> 
                   \relax 
l.579 \begin{equation}
                      
pdfTeX warning (ext4): destination with the same identifier (name{equation.4.2}
) has been already used, duplicate ignored
<to be read again> 
                   \relax 
l.579 \begin{equation}
                      
pdfTeX warning (ext4): destination with the same identifier (name{equation.4.2}
) has been already used, duplicate ignored
<to be read again> 
                   \relax 
l.579 \begin{equation}
                      
pdfTeX warning (ext4): destination with the same identifier (name{equation.4.2}
) has been already used, duplicate ignored
<to be read again> 
                   \relax 
l.579 \begin{equation}
                      
Overfull \hbox (27.75507pt too wide) detected at line 586
[][][]\OML/cmm/m/it/10 ^^Z \OMS/cmsy/m/n/10 ^^X [] [] [][] [][]  \OML/cmm/m/it/
10 :
 []


pdfTeX warning (ext4): destination with the same identifier (name{equation.4.2}
) has been already used, duplicate ignored
<to be read again> 
                   \relax 
l.595 \begin{equation}
                      
pdfTeX warning (ext4): destination with the same identifier (name{equation.4.2}
) has been already used, duplicate ignored
<to be read again> 
                   \relax 
l.595 \begin{equation}
                      
pdfTeX warning (ext4): destination with the same identifier (name{equation.4.2}
) has been already used, duplicate ignored
<to be read again> 
                   \relax 
l.595 \begin{equation}
                      
pdfTeX warning (ext4): destination with the same identifier (name{equation.4.2}
) has been already used, duplicate ignored
<to be read again> 
                   \relax 
l.595 \begin{equation}
                      
pdfTeX warning (ext4): destination with the same identifier (name{equation.4.2}
) has been already used, duplicate ignored
<to be read again> 
                   \relax 
l.604 \begin{equation}
                      
pdfTeX warning (ext4): destination with the same identifier (name{equation.4.2}
) has been already used, duplicate ignored
<to be read again> 
                   \relax 
l.604 \begin{equation}
                      
pdfTeX warning (ext4): destination with the same identifier (name{equation.4.2}
) has been already used, duplicate ignored
<to be read again> 
                   \relax 
l.604 \begin{equation}
                      
pdfTeX warning (ext4): destination with the same identifier (name{equation.4.2}
) has been already used, duplicate ignored
<to be read again> 
                   \relax 
l.604 \begin{equation}
                      
Overfull \hbox (155.4281pt too wide) detected at line 612
[][][]\OML/cmm/m/it/10 L[] \OMS/cmsy/m/n/10 ' [][] \OML/cmm/m/it/10 "[] ^^Z \OT
1/cmr/m/n/10 4\OML/cmm/m/it/10 ^^Yr[] dr \OMS/cmsy/m/n/10 ^^X []\OT1/cmr/m/n/10
 1 \OMS/cmsy/m/n/10 ^^B \OT1/cmr/m/n/10 10[] [][]\OML/cmm/m/it/10 =[][] [][] []
[] [][]  :
 []


pdfTeX warning (ext4): destination with the same identifier (name{equation.4.2}
) has been already used, duplicate ignored
<to be read again> 
                   \relax 
l.616 \begin{equation}
                      
pdfTeX warning (ext4): destination with the same identifier (name{equation.4.2}
) has been already used, duplicate ignored
<to be read again> 
                   \relax 
l.616 \begin{equation}
                      
pdfTeX warning (ext4): destination with the same identifier (name{equation.4.2}
) has been already used, duplicate ignored
<to be read again> 
                   \relax 
l.616 \begin{equation}
                      
pdfTeX warning (ext4): destination with the same identifier (name{equation.4.2}
) has been already used, duplicate ignored
<to be read again> 
                   \relax 
l.616 \begin{equation}
                      
Overfull \hbox (49.78294pt too wide) detected at line 623
[][][][]\OML/cmm/m/it/10 c[] \OMS/cmsy/m/n/10 ^^X []\OT1/cmr/m/n/10 1 \OMS/cmsy
/m/n/10 ^^B \OT1/cmr/m/n/10 10[] [][]\OML/cmm/m/it/10 =[][] [][] [] [][]  :
 []


pdfTeX warning (ext4): destination with the same identifier (name{equation.4.2}
) has been already used, duplicate ignored
<to be read again> 
                   \relax 
l.637 \begin{equation}
                      
pdfTeX warning (ext4): destination with the same identifier (name{equation.4.2}
) has been already used, duplicate ignored
<to be read again> 
                   \relax 
l.637 \begin{equation}
                      
pdfTeX warning (ext4): destination with the same identifier (name{equation.4.2}
) has been already used, duplicate ignored
<to be read again> 
                   \relax 
l.637 \begin{equation}
                      
pdfTeX warning (ext4): destination with the same identifier (name{equation.4.2}
) has been already used, duplicate ignored
<to be read again> 
                   \relax 
l.637 \begin{equation}
                      
pdfTeX warning (ext4): destination with the same identifier (name{equation.4.2}
) has been already used, duplicate ignored
<to be read again> 
                   \relax 
l.657 \begin{equation}
                      
pdfTeX warning (ext4): destination with the same identifier (name{equation.4.2}
) has been already used, duplicate ignored
<to be read again> 
                   \relax 
l.657 \begin{equation}
                      
pdfTeX warning (ext4): destination with the same identifier (name{equation.4.2}
) has been already used, duplicate ignored
<to be read again> 
                   \relax 
l.657 \begin{equation}
                      
pdfTeX warning (ext4): destination with the same identifier (name{equation.4.2}
) has been already used, duplicate ignored
<to be read again> 
                   \relax 
l.657 \begin{equation}
                      
pdfTeX warning (ext4): destination with the same identifier (name{equation.4.2}
) has been already used, duplicate ignored
<to be read again> 
                   \relax 
l.685 \begin{equation}
                      
pdfTeX warning (ext4): destination with the same identifier (name{equation.4.2}
) has been already used, duplicate ignored
<to be read again> 
                   \relax 
l.685 \begin{equation}
                      
pdfTeX warning (ext4): destination with the same identifier (name{equation.4.2}
) has been already used, duplicate ignored
<to be read again> 
                   \relax 
l.685 \begin{equation}
                      
pdfTeX warning (ext4): destination with the same identifier (name{equation.4.2}
) has been already used, duplicate ignored
<to be read again> 
                   \relax 
l.685 \begin{equation}
                      
Overfull \hbox (123.67299pt too wide) detected at line 692
[][][]\OML/cmm/m/it/10 ^^\[]\OT1/cmr/m/n/10 (\OML/cmm/m/it/10 r \OT1/cmr/m/n/10
 = 2\OML/cmm/m/it/10 r[]\OT1/cmr/m/n/10 ) = [][] \OML/cmm/m/it/10 ^^T[] ^^Z dr 
\OMS/cmsy/m/n/10 ' \OT1/cmr/m/n/10 (1 \OMS/cmsy/m/n/10 ^^B \OT1/cmr/m/n/10 10[]
)(\OML/cmm/m/it/10 M=M[]\OT1/cmr/m/n/10 )(\OML/cmm/m/it/10 ^^Z[]=\OT1/cmr/m/n/1
0 10[] [][][])(\OML/cmm/m/it/10 T[]=\OT1/cmr/m/n/10 10[] [])[] \OML/cmm/m/it/10
 :
 []

[25]
pdfTeX warning (ext4): destination with the same identifier (name{equation.4.2}
) has been already used, duplicate ignored
<to be read again> 
                   \relax 
l.713 \begin{equation}
                      
pdfTeX warning (ext4): destination with the same identifier (name{equation.4.2}
) has been already used, duplicate ignored
<to be read again> 
                   \relax 
l.713 \begin{equation}
                      
pdfTeX warning (ext4): destination with the same identifier (name{equation.4.2}
) has been already used, duplicate ignored
<to be read again> 
                   \relax 
l.713 \begin{equation}
                      
pdfTeX warning (ext4): destination with the same identifier (name{equation.4.2}
) has been already used, duplicate ignored
<to be read again> 
                   \relax 
l.713 \begin{equation}
                      
Overfull \hbox (37.97614pt too wide) detected at line 717
[][][]\OMS/cmsy/m/n/10 h[]i \OT1/cmr/m/n/10 = [] = [] [] \OML/cmm/m/it/10 h^^W 
^^[[] d^^W
 []


pdfTeX warning (ext4): destination with the same identifier (name{equation.4.2}
) has been already used, duplicate ignored
<to be read again> 
                   \relax 
l.739 \begin{equation}
                      
pdfTeX warning (ext4): destination with the same identifier (name{equation.4.2}
) has been already used, duplicate ignored
<to be read again> 
                   \relax 
l.739 \begin{equation}
                      
pdfTeX warning (ext4): destination with the same identifier (name{equation.4.2}
) has been already used, duplicate ignored
<to be read again> 
                   \relax 
l.739 \begin{equation}
                      
pdfTeX warning (ext4): destination with the same identifier (name{equation.4.2}
) has been already used, duplicate ignored
<to be read again> 
                   \relax 
l.739 \begin{equation}
                      
Underfull \hbox (badness 1092) in paragraph at lines 744--746
[]\OT1/cmr/m/n/10 Thus, there is a crit-i-cal lu-mi-nos-ity [``Ed-ding-ton''
 []


pdfTeX warning (ext4): destination with the same identifier (name{equation.4.2}
) has been already used, duplicate ignored
<to be read again> 
                   \relax 
l.746 \begin{equation}
                      
pdfTeX warning (ext4): destination with the same identifier (name{equation.4.2}
) has been already used, duplicate ignored
<to be read again> 
                   \relax 
l.746 \begin{equation}
                      
pdfTeX warning (ext4): destination with the same identifier (name{equation.4.2}
) has been already used, duplicate ignored
<to be read again> 
                   \relax 
l.746 \begin{equation}
                      
pdfTeX warning (ext4): destination with the same identifier (name{equation.4.2}
) has been already used, duplicate ignored
<to be read again> 
                   \relax 
l.746 \begin{equation}
                      
pdfTeX warning (ext4): destination with the same identifier (name{equation.4.2}
) has been already used, duplicate ignored
<to be read again> 
                   \relax 
l.765 \begin{equation}
                      
pdfTeX warning (ext4): destination with the same identifier (name{equation.4.2}
) has been already used, duplicate ignored
<to be read again> 
                   \relax 
l.765 \begin{equation}
                      
pdfTeX warning (ext4): destination with the same identifier (name{equation.4.2}
) has been already used, duplicate ignored
<to be read again> 
                   \relax 
l.765 \begin{equation}
                      
pdfTeX warning (ext4): destination with the same identifier (name{equation.4.2}
) has been already used, duplicate ignored
<to be read again> 
                   \relax 
l.765 \begin{equation}
                      
pdfTeX warning (ext4): destination with the same identifier (name{equation.4.2}
) has been already used, duplicate ignored
<to be read again> 
                   \relax 
l.803 \begin{equation}
                      
pdfTeX warning (ext4): destination with the same identifier (name{equation.4.2}
) has been already used, duplicate ignored
<to be read again> 
                   \relax 
l.803 \begin{equation}
                      
pdfTeX warning (ext4): destination with the same identifier (name{equation.4.2}
) has been already used, duplicate ignored
<to be read again> 
                   \relax 
l.803 \begin{equation}
                      
pdfTeX warning (ext4): destination with the same identifier (name{equation.4.2}
) has been already used, duplicate ignored
<to be read again> 
                   \relax 
l.803 \begin{equation}
                      
Overfull \hbox (34.4005pt too wide) detected at line 808
[][][]\OML/cmm/m/it/10 ^^U[] \OT1/cmr/m/n/10 = [] [] \OMS/cmsy/m/n/10 ' \OT1/cm
r/m/n/10 (7 \OMS/cmsy/m/n/10 ^^B \OT1/cmr/m/n/10 10[] [][]) [][] [][]  \OML/cmm
/m/it/10 :
 []


pdfTeX warning (ext4): destination with the same identifier (name{equation.4.2}
) has been already used, duplicate ignored
<to be read again> 
                   \relax 
l.813 \begin{equation}
                      
pdfTeX warning (ext4): destination with the same identifier (name{equation.4.2}
) has been already used, duplicate ignored
<to be read again> 
                   \relax 
l.813 \begin{equation}
                      
pdfTeX warning (ext4): destination with the same identifier (name{equation.4.2}
) has been already used, duplicate ignored
<to be read again> 
                   \relax 
l.813 \begin{equation}
                      
pdfTeX warning (ext4): destination with the same identifier (name{equation.4.2}
) has been already used, duplicate ignored
<to be read again> 
                   \relax 
l.813 \begin{equation}
                      
pdfTeX warning (ext4): destination with the same identifier (name{equation.4.2}
) has been already used, duplicate ignored
<to be read again> 
                   \relax 
l.825 \begin{equation}
                      
pdfTeX warning (ext4): destination with the same identifier (name{equation.4.2}
) has been already used, duplicate ignored
<to be read again> 
                   \relax 
l.825 \begin{equation}
                      
pdfTeX warning (ext4): destination with the same identifier (name{equation.4.2}
) has been already used, duplicate ignored
<to be read again> 
                   \relax 
l.825 \begin{equation}
                      
pdfTeX warning (ext4): destination with the same identifier (name{equation.4.2}
) has been already used, duplicate ignored
<to be read again> 
                   \relax 
l.825 \begin{equation}
                      
pdfTeX warning (ext4): destination with the same identifier (name{equation.4.2}
) has been already used, duplicate ignored
<to be read again> 
                   \relax 
l.834 \begin{equation}
                      
pdfTeX warning (ext4): destination with the same identifier (name{equation.4.2}
) has been already used, duplicate ignored
<to be read again> 
                   \relax 
l.834 \begin{equation}
                      
pdfTeX warning (ext4): destination with the same identifier (name{equation.4.2}
) has been already used, duplicate ignored
<to be read again> 
                   \relax 
l.834 \begin{equation}
                      
pdfTeX warning (ext4): destination with the same identifier (name{equation.4.2}
) has been already used, duplicate ignored
<to be read again> 
                   \relax 
l.834 \begin{equation}
                       [26]
pdfTeX warning (ext4): destination with the same identifier (name{equation.4.2}
) has been already used, duplicate ignored
<to be read again> 
                   \relax 
l.848 \begin{equation}
                      
pdfTeX warning (ext4): destination with the same identifier (name{equation.4.2}
) has been already used, duplicate ignored
<to be read again> 
                   \relax 
l.848 \begin{equation}
                      
pdfTeX warning (ext4): destination with the same identifier (name{equation.4.2}
) has been already used, duplicate ignored
<to be read again> 
                   \relax 
l.848 \begin{equation}
                      
pdfTeX warning (ext4): destination with the same identifier (name{equation.4.2}
) has been already used, duplicate ignored
<to be read again> 
                   \relax 
l.848 \begin{equation}
                      
pdfTeX warning (ext4): destination with the same identifier (name{equation.4.2}
) has been already used, duplicate ignored
<to be read again> 
                   \relax 
l.887 \begin{equation}
                      
pdfTeX warning (ext4): destination with the same identifier (name{equation.4.2}
) has been already used, duplicate ignored
<to be read again> 
                   \relax 
l.887 \begin{equation}
                      
pdfTeX warning (ext4): destination with the same identifier (name{equation.4.2}
) has been already used, duplicate ignored
<to be read again> 
                   \relax 
l.887 \begin{equation}
                      
pdfTeX warning (ext4): destination with the same identifier (name{equation.4.2}
) has been already used, duplicate ignored
<to be read again> 
                   \relax 
l.887 \begin{equation}
                      
pdfTeX warning (ext4): destination with the same identifier (name{equation.4.2}
) has been already used, duplicate ignored
<to be read again> 
                   \relax 
l.894 \begin{equation}
                      
pdfTeX warning (ext4): destination with the same identifier (name{equation.4.2}
) has been already used, duplicate ignored
<to be read again> 
                   \relax 
l.894 \begin{equation}
                      
pdfTeX warning (ext4): destination with the same identifier (name{equation.4.2}
) has been already used, duplicate ignored
<to be read again> 
                   \relax 
l.894 \begin{equation}
                      
pdfTeX warning (ext4): destination with the same identifier (name{equation.4.2}
) has been already used, duplicate ignored
<to be read again> 
                   \relax 
l.894 \begin{equation}
                      
pdfTeX warning (ext4): destination with the same identifier (name{equation.4.2}
) has been already used, duplicate ignored
<to be read again> 
                   \relax 
l.901 \begin{equation}
                      
pdfTeX warning (ext4): destination with the same identifier (name{equation.4.2}
) has been already used, duplicate ignored
<to be read again> 
                   \relax 
l.901 \begin{equation}
                      
pdfTeX warning (ext4): destination with the same identifier (name{equation.4.2}
) has been already used, duplicate ignored
<to be read again> 
                   \relax 
l.901 \begin{equation}
                      
pdfTeX warning (ext4): destination with the same identifier (name{equation.4.2}
) has been already used, duplicate ignored
<to be read again> 
                   \relax 
l.901 \begin{equation}
                      
pdfTeX warning (ext4): destination with the same identifier (name{equation.4.2}
) has been already used, duplicate ignored
<to be read again> 
                   \relax 
l.908 \begin{equation}
                      
pdfTeX warning (ext4): destination with the same identifier (name{equation.4.2}
) has been already used, duplicate ignored
<to be read again> 
                   \relax 
l.908 \begin{equation}
                      
pdfTeX warning (ext4): destination with the same identifier (name{equation.4.2}
) has been already used, duplicate ignored
<to be read again> 
                   \relax 
l.908 \begin{equation}
                      
pdfTeX warning (ext4): destination with the same identifier (name{equation.4.2}
) has been already used, duplicate ignored
<to be read again> 
                   \relax 
l.908 \begin{equation}
                      
Overfull \hbox (106.27522pt too wide) detected at line 915
[][][]\OML/cmm/m/it/10 ^^Z \OT1/cmr/m/n/10 = [] [][] \OMS/cmsy/m/n/10 ' [] [][]
 [][]  \OT1/cmr/m/n/10 (\OML/cmm/m/it/10 r=r[]\OT1/cmr/m/n/10 )[] \OML/cmm/m/it
/10 :
 []


pdfTeX warning (ext4): destination with the same identifier (name{equation.4.2}
) has been already used, duplicate ignored
<to be read again> 
                   \relax 
l.920 \begin{equation}
                      
pdfTeX warning (ext4): destination with the same identifier (name{equation.4.2}
) has been already used, duplicate ignored
<to be read again> 
                   \relax 
l.920 \begin{equation}
                      
pdfTeX warning (ext4): destination with the same identifier (name{equation.4.2}
) has been already used, duplicate ignored
<to be read again> 
                   \relax 
l.920 \begin{equation}
                      
pdfTeX warning (ext4): destination with the same identifier (name{equation.4.2}
) has been already used, duplicate ignored
<to be read again> 
                   \relax 
l.920 \begin{equation}
                      
pdfTeX warning (ext4): destination with the same identifier (name{equation.4.2}
) has been already used, duplicate ignored
<to be read again> 
                   \relax 
l.929 \begin{equation}
                      
pdfTeX warning (ext4): destination with the same identifier (name{equation.4.2}
) has been already used, duplicate ignored
<to be read again> 
                   \relax 
l.929 \begin{equation}
                      
pdfTeX warning (ext4): destination with the same identifier (name{equation.4.2}
) has been already used, duplicate ignored
<to be read again> 
                   \relax 
l.929 \begin{equation}
                      
pdfTeX warning (ext4): destination with the same identifier (name{equation.4.2}
) has been already used, duplicate ignored
<to be read again> 
                   \relax 
l.929 \begin{equation}
                      
Overfull \hbox (46.46407pt too wide) detected at line 934
[][][][] \OMS/cmsy/m/n/10 ' [] []  \OML/cmm/m/it/10 :
 []


pdfTeX warning (ext4): destination with the same identifier (name{equation.4.2}
) has been already used, duplicate ignored
<to be read again> 
                   \relax 
l.944 \begin{equation}
                      
pdfTeX warning (ext4): destination with the same identifier (name{equation.4.2}
) has been already used, duplicate ignored
<to be read again> 
                   \relax 
l.944 \begin{equation}
                      
pdfTeX warning (ext4): destination with the same identifier (name{equation.4.2}
) has been already used, duplicate ignored
<to be read again> 
                   \relax 
l.944 \begin{equation}
                      
pdfTeX warning (ext4): destination with the same identifier (name{equation.4.2}
) has been already used, duplicate ignored
<to be read again> 
                   \relax 
l.944 \begin{equation}
                      
Overfull \hbox (74.37083pt too wide) detected at line 949
[][][]\OT1/cmr/m/n/10 
 \OMS/cmsy/m/n/10 ! \OT1/cmr/m/n/10 
[] = [] = [] []\OML/cmm/m/it/10 a \OT1/cmr/m/n/10 = \OML/cmm/m/it/10 M
 []

[27]
pdfTeX warning (ext4): destination with the same identifier (name{equation.4.2}
) has been already used, duplicate ignored
<to be read again> 
                   \relax 
l.980 \begin{equation}
                      
pdfTeX warning (ext4): destination with the same identifier (name{equation.4.2}
) has been already used, duplicate ignored
<to be read again> 
                   \relax 
l.980 \begin{equation}
                      
pdfTeX warning (ext4): destination with the same identifier (name{equation.4.2}
) has been already used, duplicate ignored
<to be read again> 
                   \relax 
l.980 \begin{equation}
                      
pdfTeX warning (ext4): destination with the same identifier (name{equation.4.2}
) has been already used, duplicate ignored
<to be read again> 
                   \relax 
l.980 \begin{equation}
                      
pdfTeX warning (ext4): destination with the same identifier (name{equation.4.2}
) has been already used, duplicate ignored
<to be read again> 
                   \relax 
l.999 \begin{equation}
                      
pdfTeX warning (ext4): destination with the same identifier (name{equation.4.2}
) has been already used, duplicate ignored
<to be read again> 
                   \relax 
l.999 \begin{equation}
                      
pdfTeX warning (ext4): destination with the same identifier (name{equation.4.2}
) has been already used, duplicate ignored
<to be read again> 
                   \relax 
l.999 \begin{equation}
                      
pdfTeX warning (ext4): destination with the same identifier (name{equation.4.2}
) has been already used, duplicate ignored
<to be read again> 
                   \relax 
l.999 \begin{equation}
                      
pdfTeX warning (ext4): destination with the same identifier (name{equation.4.2}
) has been already used, duplicate ignored
<to be read again> 
                   \relax 
l.1018 \begin{equation}
                       
pdfTeX warning (ext4): destination with the same identifier (name{equation.4.2}
) has been already used, duplicate ignored
<to be read again> 
                   \relax 
l.1018 \begin{equation}
                       
pdfTeX warning (ext4): destination with the same identifier (name{equation.4.2}
) has been already used, duplicate ignored
<to be read again> 
                   \relax 
l.1018 \begin{equation}
                       
pdfTeX warning (ext4): destination with the same identifier (name{equation.4.2}
) has been already used, duplicate ignored
<to be read again> 
                   \relax 
l.1018 \begin{equation}
                       
pdfTeX warning (ext4): destination with the same identifier (name{equation.4.2}
) has been already used, duplicate ignored
<to be read again> 
                   \relax 
l.1025 \begin{equation}
                       
pdfTeX warning (ext4): destination with the same identifier (name{equation.4.2}
) has been already used, duplicate ignored
<to be read again> 
                   \relax 
l.1025 \begin{equation}
                       
pdfTeX warning (ext4): destination with the same identifier (name{equation.4.2}
) has been already used, duplicate ignored
<to be read again> 
                   \relax 
l.1025 \begin{equation}
                       
pdfTeX warning (ext4): destination with the same identifier (name{equation.4.2}
) has been already used, duplicate ignored
<to be read again> 
                   \relax 
l.1025 \begin{equation}
                       
pdfTeX warning (ext4): destination with the same identifier (name{equation.4.2}
) has been already used, duplicate ignored
<to be read again> 
                   \relax 
l.1032 \begin{equation}
                       
pdfTeX warning (ext4): destination with the same identifier (name{equation.4.2}
) has been already used, duplicate ignored
<to be read again> 
                   \relax 
l.1032 \begin{equation}
                       
pdfTeX warning (ext4): destination with the same identifier (name{equation.4.2}
) has been already used, duplicate ignored
<to be read again> 
                   \relax 
l.1032 \begin{equation}
                       
pdfTeX warning (ext4): destination with the same identifier (name{equation.4.2}
) has been already used, duplicate ignored
<to be read again> 
                   \relax 
l.1032 \begin{equation}
                       
pdfTeX warning (ext4): destination with the same identifier (name{equation.4.2}
) has been already used, duplicate ignored
<to be read again> 
                   \relax 
l.1063 \begin{equation}
                       
pdfTeX warning (ext4): destination with the same identifier (name{equation.4.2}
) has been already used, duplicate ignored
<to be read again> 
                   \relax 
l.1063 \begin{equation}
                       
pdfTeX warning (ext4): destination with the same identifier (name{equation.4.2}
) has been already used, duplicate ignored
<to be read again> 
                   \relax 
l.1063 \begin{equation}
                       
pdfTeX warning (ext4): destination with the same identifier (name{equation.4.2}
) has been already used, duplicate ignored
<to be read again> 
                   \relax 
l.1063 \begin{equation}
                       
pdfTeX warning (ext4): destination with the same identifier (name{equation.4.2}
) has been already used, duplicate ignored
<to be read again> 
                   \relax 
l.1068 \begin{equation}
                       
pdfTeX warning (ext4): destination with the same identifier (name{equation.4.2}
) has been already used, duplicate ignored
<to be read again> 
                   \relax 
l.1068 \begin{equation}
                       
pdfTeX warning (ext4): destination with the same identifier (name{equation.4.2}
) has been already used, duplicate ignored
<to be read again> 
                   \relax 
l.1068 \begin{equation}
                       
pdfTeX warning (ext4): destination with the same identifier (name{equation.4.2}
) has been already used, duplicate ignored
<to be read again> 
                   \relax 
l.1068 \begin{equation}
                       
Overfull \hbox (59.53983pt too wide) detected at line 1073
[][][][] \OMS/cmsy/m/n/10 ' [] [] \OML/cmm/m/it/10 :
 []


pdfTeX warning (ext4): destination with the same identifier (name{equation.4.2}
) has been already used, duplicate ignored
<to be read again> 
                   \relax 
l.1083 \begin{equation}
                       
pdfTeX warning (ext4): destination with the same identifier (name{equation.4.2}
) has been already used, duplicate ignored
<to be read again> 
                   \relax 
l.1083 \begin{equation}
                       
pdfTeX warning (ext4): destination with the same identifier (name{equation.4.2}
) has been already used, duplicate ignored
<to be read again> 
                   \relax 
l.1083 \begin{equation}
                       
pdfTeX warning (ext4): destination with the same identifier (name{equation.4.2}
) has been already used, duplicate ignored
<to be read again> 
                   \relax 
l.1083 \begin{equation}
                       
Overfull \hbox (116.35571pt too wide) detected at line 1090
[][][][] \OMS/cmsy/m/n/10 ' [][] \OML/cmm/m/it/10 u[] \OMS/cmsy/m/n/10 ' [] [][
] [] [][]
 []

[28]
pdfTeX warning (ext4): destination with the same identifier (name{equation.4.2}
) has been already used, duplicate ignored
<to be read again> 
                   \relax 
l.1125 \begin{equation}
                       
pdfTeX warning (ext4): destination with the same identifier (name{equation.4.2}
) has been already used, duplicate ignored
<to be read again> 
                   \relax 
l.1125 \begin{equation}
                       
pdfTeX warning (ext4): destination with the same identifier (name{equation.4.2}
) has been already used, duplicate ignored
<to be read again> 
                   \relax 
l.1125 \begin{equation}
                       
pdfTeX warning (ext4): destination with the same identifier (name{equation.4.2}
) has been already used, duplicate ignored
<to be read again> 
                   \relax 
l.1125 \begin{equation}
                       
Overfull \hbox (25.80098pt too wide) detected at line 1131
[][][]\OT1/cmr/m/n/10 2\OML/cmm/m/it/10 b[] \OT1/cmr/m/n/10 = [] = (3 \OMS/cmsy
/m/n/10 ^^B \OT1/cmr/m/n/10 10[] [][]) [] [][]  \OML/cmm/m/it/10 :
 []


pdfTeX warning (ext4): destination with the same identifier (name{equation.4.2}
) has been already used, duplicate ignored
<to be read again> 
                   \relax 
l.1136 \begin{equation}
                       
pdfTeX warning (ext4): destination with the same identifier (name{equation.4.2}
) has been already used, duplicate ignored
<to be read again> 
                   \relax 
l.1136 \begin{equation}
                       
pdfTeX warning (ext4): destination with the same identifier (name{equation.4.2}
) has been already used, duplicate ignored
<to be read again> 
                   \relax 
l.1136 \begin{equation}
                       
pdfTeX warning (ext4): destination with the same identifier (name{equation.4.2}
) has been already used, duplicate ignored
<to be read again> 
                   \relax 
l.1136 \begin{equation}
                       
pdfTeX warning (ext4): destination with the same identifier (name{equation.4.2}
) has been already used, duplicate ignored
<to be read again> 
                   \relax 
l.1147 \begin{equation}
                       
pdfTeX warning (ext4): destination with the same identifier (name{equation.4.2}
) has been already used, duplicate ignored
<to be read again> 
                   \relax 
l.1147 \begin{equation}
                       
pdfTeX warning (ext4): destination with the same identifier (name{equation.4.2}
) has been already used, duplicate ignored
<to be read again> 
                   \relax 
l.1147 \begin{equation}
                       
pdfTeX warning (ext4): destination with the same identifier (name{equation.4.2}
) has been already used, duplicate ignored
<to be read again> 
                   \relax 
l.1147 \begin{equation}
                       
pdfTeX warning (ext4): destination with the same identifier (name{equation.4.2}
) has been already used, duplicate ignored
<to be read again> 
                   \relax 
l.1157 \begin{equation}
                       
pdfTeX warning (ext4): destination with the same identifier (name{equation.4.2}
) has been already used, duplicate ignored
<to be read again> 
                   \relax 
l.1157 \begin{equation}
                       
pdfTeX warning (ext4): destination with the same identifier (name{equation.4.2}
) has been already used, duplicate ignored
<to be read again> 
                   \relax 
l.1157 \begin{equation}
                       
pdfTeX warning (ext4): destination with the same identifier (name{equation.4.2}
) has been already used, duplicate ignored
<to be read again> 
                   \relax 
l.1157 \begin{equation}
                       
pdfTeX warning (ext4): destination with the same identifier (name{equation.4.2}
) has been already used, duplicate ignored
<to be read again> 
                   \relax 
l.1183 \begin{equation}
                       
pdfTeX warning (ext4): destination with the same identifier (name{equation.4.2}
) has been already used, duplicate ignored
<to be read again> 
                   \relax 
l.1183 \begin{equation}
                       
pdfTeX warning (ext4): destination with the same identifier (name{equation.4.2}
) has been already used, duplicate ignored
<to be read again> 
                   \relax 
l.1183 \begin{equation}
                       
pdfTeX warning (ext4): destination with the same identifier (name{equation.4.2}
) has been already used, duplicate ignored
<to be read again> 
                   \relax 
l.1183 \begin{equation}
                       
Overfull \hbox (33.67206pt too wide) detected at line 1190
[][][]\OT1/cmr/m/n/10 ^^A\OML/cmm/m/it/10 t[] \OMS/cmsy/m/n/10 ' \OT1/cmr/m/n/1
0 2\OML/cmm/m/it/10 b[]=u[] \OMS/cmsy/m/n/10 ' \OT1/cmr/m/n/10 (10 [][]) [] [][
]  \OML/cmm/m/it/10 :
 []

) (./sections/sec5_binary.tex [29] [30
pdfTeX warning (ext4): destination with the same identifier (name{equation.5.1}
) has been already used, duplicate ignored
<argument> ...shipout:D \box_use:N \l_shipout_box 
                                                  \__shipout_drop_firstpage_...
l.166 \begin{equation}
                      
pdfTeX warning (ext4): destination with the same identifier (name{equation.5.1}
) has been already used, duplicate ignored
<argument> ...shipout:D \box_use:N \l_shipout_box 
                                                  \__shipout_drop_firstpage_...
l.166 \begin{equation}
                      
pdfTeX warning (ext4): destination with the same identifier (name{equation.5.1}
) has been already used, duplicate ignored
<argument> ...shipout:D \box_use:N \l_shipout_box 
                                                  \__shipout_drop_firstpage_...
l.166 \begin{equation}
                      
pdfTeX warning (ext4): destination with the same identifier (name{equation.5.1}
) has been already used, duplicate ignored
<argument> ...shipout:D \box_use:N \l_shipout_box 
                                                  \__shipout_drop_firstpage_...
l.166 \begin{equation}
                      ]
pdfTeX warning (ext4): destination with the same identifier (name{equation.5.1}
) has been already used, duplicate ignored
<to be read again> 
                   \relax 
l.166 \begin{equation}
                      
pdfTeX warning (ext4): destination with the same identifier (name{equation.5.1}
) has been already used, duplicate ignored
<to be read again> 
                   \relax 
l.166 \begin{equation}
                      
pdfTeX warning (ext4): destination with the same identifier (name{equation.5.1}
) has been already used, duplicate ignored
<to be read again> 
                   \relax 
l.166 \begin{equation}
                      
pdfTeX warning (ext4): destination with the same identifier (name{equation.5.1}
) has been already used, duplicate ignored
<to be read again> 
                   \relax 
l.166 \begin{equation}
                      
pdfTeX warning (ext4): destination with the same identifier (name{equation.5.1}
) has been already used, duplicate ignored
<to be read again> 
                   \relax 
l.250 \begin{equation}
                      
pdfTeX warning (ext4): destination with the same identifier (name{equation.5.1}
) has been already used, duplicate ignored
<to be read again> 
                   \relax 
l.250 \begin{equation}
                      
pdfTeX warning (ext4): destination with the same identifier (name{equation.5.1}
) has been already used, duplicate ignored
<to be read again> 
                   \relax 
l.250 \begin{equation}
                      
pdfTeX warning (ext4): destination with the same identifier (name{equation.5.1}
) has been already used, duplicate ignored
<to be read again> 
                   \relax 
l.250 \begin{equation}
                      
pdfTeX warning (ext4): destination with the same identifier (name{equation.5.1}
) has been already used, duplicate ignored
<to be read again> 
                   \relax 
l.254 \begin{equation}
                      
pdfTeX warning (ext4): destination with the same identifier (name{equation.5.1}
) has been already used, duplicate ignored
<to be read again> 
                   \relax 
l.254 \begin{equation}
                      
pdfTeX warning (ext4): destination with the same identifier (name{equation.5.1}
) has been already used, duplicate ignored
<to be read again> 
                   \relax 
l.254 \begin{equation}
                      
pdfTeX warning (ext4): destination with the same identifier (name{equation.5.1}
) has been already used, duplicate ignored
<to be read again> 
                   \relax 
l.254 \begin{equation}
                      
pdfTeX warning (ext4): destination with the same identifier (name{equation.5.1}
) has been already used, duplicate ignored
<to be read again> 
                   \relax 
l.258 \begin{equation}
                      
pdfTeX warning (ext4): destination with the same identifier (name{equation.5.1}
) has been already used, duplicate ignored
<to be read again> 
                   \relax 
l.258 \begin{equation}
                      
pdfTeX warning (ext4): destination with the same identifier (name{equation.5.1}
) has been already used, duplicate ignored
<to be read again> 
                   \relax 
l.258 \begin{equation}
                      
pdfTeX warning (ext4): destination with the same identifier (name{equation.5.1}
) has been already used, duplicate ignored
<to be read again> 
                   \relax 
l.258 \begin{equation}
                      
pdfTeX warning (ext4): destination with the same identifier (name{equation.5.1}
) has been already used, duplicate ignored
<to be read again> 
                   \relax 
l.265 \begin{equation}
                      
pdfTeX warning (ext4): destination with the same identifier (name{equation.5.1}
) has been already used, duplicate ignored
<to be read again> 
                   \relax 
l.265 \begin{equation}
                      
pdfTeX warning (ext4): destination with the same identifier (name{equation.5.1}
) has been already used, duplicate ignored
<to be read again> 
                   \relax 
l.265 \begin{equation}
                      
pdfTeX warning (ext4): destination with the same identifier (name{equation.5.1}
) has been already used, duplicate ignored
<to be read again> 
                   \relax 
l.265 \begin{equation}
                      
pdfTeX warning (ext4): destination with the same identifier (name{equation.5.1}
) has been already used, duplicate ignored
<to be read again> 
                   \relax 
l.269 \begin{equation}
                      
pdfTeX warning (ext4): destination with the same identifier (name{equation.5.1}
) has been already used, duplicate ignored
<to be read again> 
                   \relax 
l.269 \begin{equation}
                      
pdfTeX warning (ext4): destination with the same identifier (name{equation.5.1}
) has been already used, duplicate ignored
<to be read again> 
                   \relax 
l.269 \begin{equation}
                      
pdfTeX warning (ext4): destination with the same identifier (name{equation.5.1}
) has been already used, duplicate ignored
<to be read again> 
                   \relax 
l.269 \begin{equation}
                      
pdfTeX warning (ext4): destination with the same identifier (name{equation.5.1}
) has been already used, duplicate ignored
<to be read again> 
                   \relax 
l.275 \begin{equation}
                      
pdfTeX warning (ext4): destination with the same identifier (name{equation.5.1}
) has been already used, duplicate ignored
<to be read again> 
                   \relax 
l.275 \begin{equation}
                      
pdfTeX warning (ext4): destination with the same identifier (name{equation.5.1}
) has been already used, duplicate ignored
<to be read again> 
                   \relax 
l.275 \begin{equation}
                      
pdfTeX warning (ext4): destination with the same identifier (name{equation.5.1}
) has been already used, duplicate ignored
<to be read again> 
                   \relax 
l.275 \begin{equation}
                      
Overfull \hbox (41.5113pt too wide) detected at line 280
[][][]\OML/cmm/m/it/10 L \OMS/cmsy/m/n/10 ^^X \OT1/cmr/m/n/10 10[] [] \OMS/cmsy
/m/n/10 ^^X \OT1/cmr/m/n/10 (10[][]) []  []\OML/cmm/m/it/10 ;
 []


pdfTeX warning (ext4): destination with the same identifier (name{equation.5.1}
) has been already used, duplicate ignored
<to be read again> 
                   \relax 
l.281 \begin{equation}
                      
pdfTeX warning (ext4): destination with the same identifier (name{equation.5.1}
) has been already used, duplicate ignored
<to be read again> 
                   \relax 
l.281 \begin{equation}
                      
pdfTeX warning (ext4): destination with the same identifier (name{equation.5.1}
) has been already used, duplicate ignored
<to be read again> 
                   \relax 
l.281 \begin{equation}
                      
pdfTeX warning (ext4): destination with the same identifier (name{equation.5.1}
) has been already used, duplicate ignored
<to be read again> 
                   \relax 
l.281 \begin{equation}
                      
Overfull \hbox (69.21968pt too wide) detected at line 286
[][][]\OML/cmm/m/it/10 L \OMS/cmsy/m/n/10 ^^X \OT1/cmr/m/n/10 0\OML/cmm/m/it/10
 :\OT1/cmr/m/n/10 1 [] \OMS/cmsy/m/n/10 ^^X \OT1/cmr/m/n/10 (10[][]) []  []\OML
/cmm/m/it/10 :
 []

[31]
pdfTeX warning (ext4): destination with the same identifier (name{equation.5.1}
) has been already used, duplicate ignored
<to be read again> 
                   \relax 
l.296 \begin{equation}
                      
pdfTeX warning (ext4): destination with the same identifier (name{equation.5.1}
) has been already used, duplicate ignored
<to be read again> 
                   \relax 
l.296 \begin{equation}
                      
pdfTeX warning (ext4): destination with the same identifier (name{equation.5.1}
) has been already used, duplicate ignored
<to be read again> 
                   \relax 
l.296 \begin{equation}
                      
pdfTeX warning (ext4): destination with the same identifier (name{equation.5.1}
) has been already used, duplicate ignored
<to be read again> 
                   \relax 
l.296 \begin{equation}
                      
pdfTeX warning (ext4): destination with the same identifier (name{equation.5.1}
) has been already used, duplicate ignored
<to be read again> 
                   \relax 
l.306 \begin{equation}
                      
pdfTeX warning (ext4): destination with the same identifier (name{equation.5.1}
) has been already used, duplicate ignored
<to be read again> 
                   \relax 
l.306 \begin{equation}
                      
pdfTeX warning (ext4): destination with the same identifier (name{equation.5.1}
) has been already used, duplicate ignored
<to be read again> 
                   \relax 
l.306 \begin{equation}
                      
pdfTeX warning (ext4): destination with the same identifier (name{equation.5.1}
) has been already used, duplicate ignored
<to be read again> 
                   \relax 
l.306 \begin{equation}
                      
Overfull \hbox (58.97256pt too wide) detected at line 310
[][][][] \OMS/cmsy/m/n/10 ^^\ [] ^^X \OT1/cmr/m/n/10 (10[]\OML/cmm/m/it/10 M[]=
[]\OT1/cmr/m/n/10 )(\OML/cmm/m/it/10 M=M[]\OT1/cmr/m/n/10 ) []\OML/cmm/m/it/10 
:
 []


pdfTeX warning (ext4): destination with the same identifier (name{equation.5.1}
) has been already used, duplicate ignored
<to be read again> 
                   \relax 
l.311 \begin{equation}
                      
pdfTeX warning (ext4): destination with the same identifier (name{equation.5.1}
) has been already used, duplicate ignored
<to be read again> 
                   \relax 
l.311 \begin{equation}
                      
pdfTeX warning (ext4): destination with the same identifier (name{equation.5.1}
) has been already used, duplicate ignored
<to be read again> 
                   \relax 
l.311 \begin{equation}
                      
pdfTeX warning (ext4): destination with the same identifier (name{equation.5.1}
) has been already used, duplicate ignored
<to be read again> 
                   \relax 
l.311 \begin{equation}
                      
pdfTeX warning (ext4): destination with the same identifier (name{equation.5.1}
) has been already used, duplicate ignored
<to be read again> 
                   \relax 
l.323 \begin{equation}
                      
pdfTeX warning (ext4): destination with the same identifier (name{equation.5.1}
) has been already used, duplicate ignored
<to be read again> 
                   \relax 
l.323 \begin{equation}
                      
pdfTeX warning (ext4): destination with the same identifier (name{equation.5.1}
) has been already used, duplicate ignored
<to be read again> 
                   \relax 
l.323 \begin{equation}
                      
pdfTeX warning (ext4): destination with the same identifier (name{equation.5.1}
) has been already used, duplicate ignored
<to be read again> 
                   \relax 
l.323 \begin{equation}
                      
pdfTeX warning (ext4): destination with the same identifier (name{equation.5.1}
) has been already used, duplicate ignored
<to be read again> 
                   \relax 
l.332 \begin{equation}
                      
pdfTeX warning (ext4): destination with the same identifier (name{equation.5.1}
) has been already used, duplicate ignored
<to be read again> 
                   \relax 
l.332 \begin{equation}
                      
pdfTeX warning (ext4): destination with the same identifier (name{equation.5.1}
) has been already used, duplicate ignored
<to be read again> 
                   \relax 
l.332 \begin{equation}
                      
pdfTeX warning (ext4): destination with the same identifier (name{equation.5.1}
) has been already used, duplicate ignored
<to be read again> 
                   \relax 
l.332 \begin{equation}
                      
Overfull \hbox (30.58888pt too wide) detected at line 336
[][][][] \OT1/cmr/m/n/10 = [] \OMS/cmsy/m/n/10 ^^B \OT1/cmr/m/n/10 ([][]\OML/cm
m/m/it/10 ; r[]\OT1/cmr/m/n/10 ) = [](\OML/cmm/m/it/10 Mr[]\OT1/cmr/m/n/10 )[]\
OML/cmm/m/it/10 :
 []


pdfTeX warning (ext4): destination with the same identifier (name{equation.5.1}
) has been already used, duplicate ignored
<to be read again> 
                   \relax 
l.347 \begin{equation}
                      
pdfTeX warning (ext4): destination with the same identifier (name{equation.5.1}
) has been already used, duplicate ignored
<to be read again> 
                   \relax 
l.347 \begin{equation}
                      
pdfTeX warning (ext4): destination with the same identifier (name{equation.5.1}
) has been already used, duplicate ignored
<to be read again> 
                   \relax 
l.347 \begin{equation}
                      
pdfTeX warning (ext4): destination with the same identifier (name{equation.5.1}
) has been already used, duplicate ignored
<to be read again> 
                   \relax 
l.347 \begin{equation}
                      
pdfTeX warning (ext4): destination with the same identifier (name{equation.5.1}
) has been already used, duplicate ignored
<to be read again> 
                   \relax 
l.356 \begin{equation}
                      
pdfTeX warning (ext4): destination with the same identifier (name{equation.5.1}
) has been already used, duplicate ignored
<to be read again> 
                   \relax 
l.356 \begin{equation}
                      
pdfTeX warning (ext4): destination with the same identifier (name{equation.5.1}
) has been already used, duplicate ignored
<to be read again> 
                   \relax 
l.356 \begin{equation}
                      
pdfTeX warning (ext4): destination with the same identifier (name{equation.5.1}
) has been already used, duplicate ignored
<to be read again> 
                   \relax 
l.356 \begin{equation}
                      
pdfTeX warning (ext4): destination with the same identifier (name{equation.5.1}
) has been already used, duplicate ignored
<to be read again> 
                   \relax 
l.374 \begin{equation}
                      
pdfTeX warning (ext4): destination with the same identifier (name{equation.5.1}
) has been already used, duplicate ignored
<to be read again> 
                   \relax 
l.374 \begin{equation}
                      
pdfTeX warning (ext4): destination with the same identifier (name{equation.5.1}
) has been already used, duplicate ignored
<to be read again> 
                   \relax 
l.374 \begin{equation}
                      
pdfTeX warning (ext4): destination with the same identifier (name{equation.5.1}
) has been already used, duplicate ignored
<to be read again> 
                   \relax 
l.374 \begin{equation}
                      
pdfTeX warning (ext4): destination with the same identifier (name{equation.5.1}
) has been already used, duplicate ignored
<to be read again> 
                   \relax 
l.387 \begin{equation}
                      
pdfTeX warning (ext4): destination with the same identifier (name{equation.5.1}
) has been already used, duplicate ignored
<to be read again> 
                   \relax 
l.387 \begin{equation}
                      
pdfTeX warning (ext4): destination with the same identifier (name{equation.5.1}
) has been already used, duplicate ignored
<to be read again> 
                   \relax 
l.387 \begin{equation}
                      
pdfTeX warning (ext4): destination with the same identifier (name{equation.5.1}
) has been already used, duplicate ignored
<to be read again> 
                   \relax 
l.387 \begin{equation}
                      
pdfTeX warning (ext4): destination with the same identifier (name{equation.5.1}
) has been already used, duplicate ignored
<to be read again> 
                   \relax 
l.395 \begin{equation}
                      
pdfTeX warning (ext4): destination with the same identifier (name{equation.5.1}
) has been already used, duplicate ignored
<to be read again> 
                   \relax 
l.395 \begin{equation}
                      
pdfTeX warning (ext4): destination with the same identifier (name{equation.5.1}
) has been already used, duplicate ignored
<to be read again> 
                   \relax 
l.395 \begin{equation}
                      
pdfTeX warning (ext4): destination with the same identifier (name{equation.5.1}
) has been already used, duplicate ignored
<to be read again> 
                   \relax 
l.395 \begin{equation}
                      
pdfTeX warning (ext4): destination with the same identifier (name{equation.5.1}
) has been already used, duplicate ignored
<to be read again> 
                   \relax 
l.401 \begin{equation}
                      
pdfTeX warning (ext4): destination with the same identifier (name{equation.5.1}
) has been already used, duplicate ignored
<to be read again> 
                   \relax 
l.401 \begin{equation}
                      
pdfTeX warning (ext4): destination with the same identifier (name{equation.5.1}
) has been already used, duplicate ignored
<to be read again> 
                   \relax 
l.401 \begin{equation}
                      
pdfTeX warning (ext4): destination with the same identifier (name{equation.5.1}
) has been already used, duplicate ignored
<to be read again> 
                   \relax 
l.401 \begin{equation}
                      
pdfTeX warning (ext4): destination with the same identifier (name{equation.5.1}
) has been already used, duplicate ignored
<to be read again> 
                   \relax 
l.406 \begin{equation}
                      
pdfTeX warning (ext4): destination with the same identifier (name{equation.5.1}
) has been already used, duplicate ignored
<to be read again> 
                   \relax 
l.406 \begin{equation}
                      
pdfTeX warning (ext4): destination with the same identifier (name{equation.5.1}
) has been already used, duplicate ignored
<to be read again> 
                   \relax 
l.406 \begin{equation}
                      
pdfTeX warning (ext4): destination with the same identifier (name{equation.5.1}
) has been already used, duplicate ignored
<to be read again> 
                   \relax 
l.406 \begin{equation}
                      
pdfTeX warning (ext4): destination with the same identifier (name{equation.5.1}
) has been already used, duplicate ignored
<to be read again> 
                   \relax 
l.425 \begin{equation}
                      
pdfTeX warning (ext4): destination with the same identifier (name{equation.5.1}
) has been already used, duplicate ignored
<to be read again> 
                   \relax 
l.425 \begin{equation}
                      
pdfTeX warning (ext4): destination with the same identifier (name{equation.5.1}
) has been already used, duplicate ignored
<to be read again> 
                   \relax 
l.425 \begin{equation}
                      
pdfTeX warning (ext4): destination with the same identifier (name{equation.5.1}
) has been already used, duplicate ignored
<to be read again> 
                   \relax 
l.425 \begin{equation}
                      
pdfTeX warning (ext4): destination with the same identifier (name{equation.5.1}
) has been already used, duplicate ignored
<to be read again> 
                   \relax 
l.430 \begin{equation}
                      
pdfTeX warning (ext4): destination with the same identifier (name{equation.5.1}
) has been already used, duplicate ignored
<to be read again> 
                   \relax 
l.430 \begin{equation}
                      
pdfTeX warning (ext4): destination with the same identifier (name{equation.5.1}
) has been already used, duplicate ignored
<to be read again> 
                   \relax 
l.430 \begin{equation}
                      
pdfTeX warning (ext4): destination with the same identifier (name{equation.5.1}
) has been already used, duplicate ignored
<to be read again> 
                   \relax 
l.430 \begin{equation}
                       [32]
pdfTeX warning (ext4): destination with the same identifier (name{equation.5.1}
) has been already used, duplicate ignored
<to be read again> 
                   \relax 
l.437 \begin{equation}
                      
pdfTeX warning (ext4): destination with the same identifier (name{equation.5.1}
) has been already used, duplicate ignored
<to be read again> 
                   \relax 
l.437 \begin{equation}
                      
pdfTeX warning (ext4): destination with the same identifier (name{equation.5.1}
) has been already used, duplicate ignored
<to be read again> 
                   \relax 
l.437 \begin{equation}
                      
pdfTeX warning (ext4): destination with the same identifier (name{equation.5.1}
) has been already used, duplicate ignored
<to be read again> 
                   \relax 
l.437 \begin{equation}
                      
Overfull \hbox (64.25198pt too wide) detected at line 446
[][][][][] \OT1/cmr/m/n/10 2\OML/cmm/m/it/10 h" \OMS/cmsy/m/n/10 ^^A \OT1/cmr/m
/n/10 2\OML/cmm/m/it/10 ^^Yr dr \OT1/cmr/m/n/10 = [][] []
 []


pdfTeX warning (ext4): destination with the same identifier (name{equation.5.1}
) has been already used, duplicate ignored
<to be read again> 
                   \relax 
l.447 \begin{equation}
                      
pdfTeX warning (ext4): destination with the same identifier (name{equation.5.1}
) has been already used, duplicate ignored
<to be read again> 
                   \relax 
l.447 \begin{equation}
                      
pdfTeX warning (ext4): destination with the same identifier (name{equation.5.1}
) has been already used, duplicate ignored
<to be read again> 
                   \relax 
l.447 \begin{equation}
                      
pdfTeX warning (ext4): destination with the same identifier (name{equation.5.1}
) has been already used, duplicate ignored
<to be read again> 
                   \relax 
l.447 \begin{equation}
                      
pdfTeX warning (ext4): destination with the same identifier (name{equation.5.1}
) has been already used, duplicate ignored
<to be read again> 
                   \relax 
l.460 \begin{equation}
                      
pdfTeX warning (ext4): destination with the same identifier (name{equation.5.1}
) has been already used, duplicate ignored
<to be read again> 
                   \relax 
l.460 \begin{equation}
                      
pdfTeX warning (ext4): destination with the same identifier (name{equation.5.1}
) has been already used, duplicate ignored
<to be read again> 
                   \relax 
l.460 \begin{equation}
                      
pdfTeX warning (ext4): destination with the same identifier (name{equation.5.1}
) has been already used, duplicate ignored
<to be read again> 
                   \relax 
l.460 \begin{equation}
                      
pdfTeX warning (ext4): destination with the same identifier (name{equation.5.1}
) has been already used, duplicate ignored
<to be read again> 
                   \relax 
l.467 \begin{equation}
                      
pdfTeX warning (ext4): destination with the same identifier (name{equation.5.1}
) has been already used, duplicate ignored
<to be read again> 
                   \relax 
l.467 \begin{equation}
                      
pdfTeX warning (ext4): destination with the same identifier (name{equation.5.1}
) has been already used, duplicate ignored
<to be read again> 
                   \relax 
l.467 \begin{equation}
                      
pdfTeX warning (ext4): destination with the same identifier (name{equation.5.1}
) has been already used, duplicate ignored
<to be read again> 
                   \relax 
l.467 \begin{equation}
                      
pdfTeX warning (ext4): destination with the same identifier (name{equation.5.1}
) has been already used, duplicate ignored
<to be read again> 
                   \relax 
l.473 \begin{equation}
                      
pdfTeX warning (ext4): destination with the same identifier (name{equation.5.1}
) has been already used, duplicate ignored
<to be read again> 
                   \relax 
l.473 \begin{equation}
                      
pdfTeX warning (ext4): destination with the same identifier (name{equation.5.1}
) has been already used, duplicate ignored
<to be read again> 
                   \relax 
l.473 \begin{equation}
                      
pdfTeX warning (ext4): destination with the same identifier (name{equation.5.1}
) has been already used, duplicate ignored
<to be read again> 
                   \relax 
l.473 \begin{equation}
                      
pdfTeX warning (ext4): destination with the same identifier (name{equation.5.1}
) has been already used, duplicate ignored
<to be read again> 
                   \relax 
l.492 \begin{equation}
                      
pdfTeX warning (ext4): destination with the same identifier (name{equation.5.1}
) has been already used, duplicate ignored
<to be read again> 
                   \relax 
l.492 \begin{equation}
                      
pdfTeX warning (ext4): destination with the same identifier (name{equation.5.1}
) has been already used, duplicate ignored
<to be read again> 
                   \relax 
l.492 \begin{equation}
                      
pdfTeX warning (ext4): destination with the same identifier (name{equation.5.1}
) has been already used, duplicate ignored
<to be read again> 
                   \relax 
l.492 \begin{equation}
                      
Underfull \hbox (badness 1681) in paragraph at lines 497--500
[]\OT1/cmr/m/n/10 Such tem-per-a-tures are ab-surdly high. Ther-mal
 []


pdfTeX warning (ext4): destination with the same identifier (name{equation.5.1}
) has been already used, duplicate ignored
<to be read again> 
                   \relax 
l.504 \begin{equation}
                      
pdfTeX warning (ext4): destination with the same identifier (name{equation.5.1}
) has been already used, duplicate ignored
<to be read again> 
                   \relax 
l.504 \begin{equation}
                      
pdfTeX warning (ext4): destination with the same identifier (name{equation.5.1}
) has been already used, duplicate ignored
<to be read again> 
                   \relax 
l.504 \begin{equation}
                      
pdfTeX warning (ext4): destination with the same identifier (name{equation.5.1}
) has been already used, duplicate ignored
<to be read again> 
                   \relax 
l.504 \begin{equation}
                      
pdfTeX warning (ext4): destination with the same identifier (name{equation.5.1}
) has been already used, duplicate ignored
<to be read again> 
                   \relax 
l.511 \begin{equation}
                      
pdfTeX warning (ext4): destination with the same identifier (name{equation.5.1}
) has been already used, duplicate ignored
<to be read again> 
                   \relax 
l.511 \begin{equation}
                      
pdfTeX warning (ext4): destination with the same identifier (name{equation.5.1}
) has been already used, duplicate ignored
<to be read again> 
                   \relax 
l.511 \begin{equation}
                      
pdfTeX warning (ext4): destination with the same identifier (name{equation.5.1}
) has been already used, duplicate ignored
<to be read again> 
                   \relax 
l.511 \begin{equation}
                      
pdfTeX warning (ext4): destination with the same identifier (name{equation.5.1}
) has been already used, duplicate ignored
<to be read again> 
                   \relax 
l.525 \begin{equation}
                      
pdfTeX warning (ext4): destination with the same identifier (name{equation.5.1}
) has been already used, duplicate ignored
<to be read again> 
                   \relax 
l.525 \begin{equation}
                      
pdfTeX warning (ext4): destination with the same identifier (name{equation.5.1}
) has been already used, duplicate ignored
<to be read again> 
                   \relax 
l.525 \begin{equation}
                      
pdfTeX warning (ext4): destination with the same identifier (name{equation.5.1}
) has been already used, duplicate ignored
<to be read again> 
                   \relax 
l.525 \begin{equation}
                      
Overfull \hbox (147.72435pt too wide) detected at line 533
[][][]\OML/cmm/m/it/10 T[] \OT1/cmr/m/n/10 = [][] \OMS/cmsy/m/n/10 ' \OT1/cmr/m
/n/10 (3 \OMS/cmsy/m/n/10 ^^B \OT1/cmr/m/n/10 10[] []) [][]  [][]  [][] [][]  \
OML/cmm/m/it/10 :
 []


pdfTeX warning (ext4): destination with the same identifier (name{equation.5.1}
) has been already used, duplicate ignored
<to be read again> 
                   \relax 
l.538 \begin{equation}
                      
pdfTeX warning (ext4): destination with the same identifier (name{equation.5.1}
) has been already used, duplicate ignored
<to be read again> 
                   \relax 
l.538 \begin{equation}
                      
pdfTeX warning (ext4): destination with the same identifier (name{equation.5.1}
) has been already used, duplicate ignored
<to be read again> 
                   \relax 
l.538 \begin{equation}
                      
pdfTeX warning (ext4): destination with the same identifier (name{equation.5.1}
) has been already used, duplicate ignored
<to be read again> 
                   \relax 
l.538 \begin{equation}
                      
pdfTeX warning (ext4): destination with the same identifier (name{equation.5.1}
) has been already used, duplicate ignored
<to be read again> 
                   \relax 
l.543 \begin{equation}
                      
pdfTeX warning (ext4): destination with the same identifier (name{equation.5.1}
) has been already used, duplicate ignored
<to be read again> 
                   \relax 
l.543 \begin{equation}
                      
pdfTeX warning (ext4): destination with the same identifier (name{equation.5.1}
) has been already used, duplicate ignored
<to be read again> 
                   \relax 
l.543 \begin{equation}
                      
pdfTeX warning (ext4): destination with the same identifier (name{equation.5.1}
) has been already used, duplicate ignored
<to be read again> 
                   \relax 
l.543 \begin{equation}
                      
Overfull \hbox (78.03653pt too wide) detected at line 549
[][][]\OML/cmm/m/it/10 h^^W[] \OMS/cmsy/m/n/10 ' \OT1/cmr/m/n/10 (1 []) [][] []
[]  []
 []


pdfTeX warning (ext4): destination with the same identifier (name{equation.5.1}
) has been already used, duplicate ignored
<to be read again> 
                   \relax 
l.550 \begin{equation}
                      
pdfTeX warning (ext4): destination with the same identifier (name{equation.5.1}
) has been already used, duplicate ignored
<to be read again> 
                   \relax 
l.550 \begin{equation}
                      
pdfTeX warning (ext4): destination with the same identifier (name{equation.5.1}
) has been already used, duplicate ignored
<to be read again> 
                   \relax 
l.550 \begin{equation}
                      
pdfTeX warning (ext4): destination with the same identifier (name{equation.5.1}
) has been already used, duplicate ignored
<to be read again> 
                   \relax 
l.550 \begin{equation}
                      
pdfTeX warning (ext4): destination with the same identifier (name{equation.5.1}
) has been already used, duplicate ignored
<to be read again> 
                   \relax 
l.570 \begin{equation}
                      
pdfTeX warning (ext4): destination with the same identifier (name{equation.5.1}
) has been already used, duplicate ignored
<to be read again> 
                   \relax 
l.570 \begin{equation}
                      
pdfTeX warning (ext4): destination with the same identifier (name{equation.5.1}
) has been already used, duplicate ignored
<to be read again> 
                   \relax 
l.570 \begin{equation}
                      
pdfTeX warning (ext4): destination with the same identifier (name{equation.5.1}
) has been already used, duplicate ignored
<to be read again> 
                   \relax 
l.570 \begin{equation}
                      
pdfTeX warning (ext4): destination with the same identifier (name{equation.5.1}
) has been already used, duplicate ignored
<to be read again> 
                   \relax 
l.576 \begin{equation}
                      
pdfTeX warning (ext4): destination with the same identifier (name{equation.5.1}
) has been already used, duplicate ignored
<to be read again> 
                   \relax 
l.576 \begin{equation}
                      
pdfTeX warning (ext4): destination with the same identifier (name{equation.5.1}
) has been already used, duplicate ignored
<to be read again> 
                   \relax 
l.576 \begin{equation}
                      
pdfTeX warning (ext4): destination with the same identifier (name{equation.5.1}
) has been already used, duplicate ignored
<to be read again> 
                   \relax 
l.576 \begin{equation}
                       [33]
pdfTeX warning (ext4): destination with the same identifier (name{equation.5.1}
) has been already used, duplicate ignored
<to be read again> 
                   \relax 
l.598 \begin{equation}
                      
pdfTeX warning (ext4): destination with the same identifier (name{equation.5.1}
) has been already used, duplicate ignored
<to be read again> 
                   \relax 
l.598 \begin{equation}
                      
pdfTeX warning (ext4): destination with the same identifier (name{equation.5.1}
) has been already used, duplicate ignored
<to be read again> 
                   \relax 
l.598 \begin{equation}
                      
pdfTeX warning (ext4): destination with the same identifier (name{equation.5.1}
) has been already used, duplicate ignored
<to be read again> 
                   \relax 
l.598 \begin{equation}
                      
pdfTeX warning (ext4): destination with the same identifier (name{equation.5.1}
) has been already used, duplicate ignored
<to be read again> 
                   \relax 
l.612 \begin{equation}
                      
pdfTeX warning (ext4): destination with the same identifier (name{equation.5.1}
) has been already used, duplicate ignored
<to be read again> 
                   \relax 
l.612 \begin{equation}
                      
pdfTeX warning (ext4): destination with the same identifier (name{equation.5.1}
) has been already used, duplicate ignored
<to be read again> 
                   \relax 
l.612 \begin{equation}
                      
pdfTeX warning (ext4): destination with the same identifier (name{equation.5.1}
) has been already used, duplicate ignored
<to be read again> 
                   \relax 
l.612 \begin{equation}
                      
pdfTeX warning (ext4): destination with the same identifier (name{equation.5.1}
) has been already used, duplicate ignored
<to be read again> 
                   \relax 
l.618 \begin{equation}
                      
pdfTeX warning (ext4): destination with the same identifier (name{equation.5.1}
) has been already used, duplicate ignored
<to be read again> 
                   \relax 
l.618 \begin{equation}
                      
pdfTeX warning (ext4): destination with the same identifier (name{equation.5.1}
) has been already used, duplicate ignored
<to be read again> 
                   \relax 
l.618 \begin{equation}
                      
pdfTeX warning (ext4): destination with the same identifier (name{equation.5.1}
) has been already used, duplicate ignored
<to be read again> 
                   \relax 
l.618 \begin{equation}
                      
pdfTeX warning (ext4): destination with the same identifier (name{equation.5.1}
) has been already used, duplicate ignored
<to be read again> 
                   \relax 
l.629 \begin{equation}
                      
pdfTeX warning (ext4): destination with the same identifier (name{equation.5.1}
) has been already used, duplicate ignored
<to be read again> 
                   \relax 
l.629 \begin{equation}
                      
pdfTeX warning (ext4): destination with the same identifier (name{equation.5.1}
) has been already used, duplicate ignored
<to be read again> 
                   \relax 
l.629 \begin{equation}
                      
pdfTeX warning (ext4): destination with the same identifier (name{equation.5.1}
) has been already used, duplicate ignored
<to be read again> 
                   \relax 
l.629 \begin{equation}
                      
pdfTeX warning (ext4): destination with the same identifier (name{equation.5.1}
) has been already used, duplicate ignored
<to be read again> 
                   \relax 
l.637 \begin{equation}
                      
pdfTeX warning (ext4): destination with the same identifier (name{equation.5.1}
) has been already used, duplicate ignored
<to be read again> 
                   \relax 
l.637 \begin{equation}
                      
pdfTeX warning (ext4): destination with the same identifier (name{equation.5.1}
) has been already used, duplicate ignored
<to be read again> 
                   \relax 
l.637 \begin{equation}
                      
pdfTeX warning (ext4): destination with the same identifier (name{equation.5.1}
) has been already used, duplicate ignored
<to be read again> 
                   \relax 
l.637 \begin{equation}
                      
pdfTeX warning (ext4): destination with the same identifier (name{equation.5.1}
) has been already used, duplicate ignored
<to be read again> 
                   \relax 
l.648 \begin{equation}
                      
pdfTeX warning (ext4): destination with the same identifier (name{equation.5.1}
) has been already used, duplicate ignored
<to be read again> 
                   \relax 
l.648 \begin{equation}
                      
pdfTeX warning (ext4): destination with the same identifier (name{equation.5.1}
) has been already used, duplicate ignored
<to be read again> 
                   \relax 
l.648 \begin{equation}
                      
pdfTeX warning (ext4): destination with the same identifier (name{equation.5.1}
) has been already used, duplicate ignored
<to be read again> 
                   \relax 
l.648 \begin{equation}
                      
pdfTeX warning (ext4): destination with the same identifier (name{equation.5.1}
) has been already used, duplicate ignored
<to be read again> 
                   \relax 
l.657 \begin{equation}
                      
pdfTeX warning (ext4): destination with the same identifier (name{equation.5.1}
) has been already used, duplicate ignored
<to be read again> 
                   \relax 
l.657 \begin{equation}
                      
pdfTeX warning (ext4): destination with the same identifier (name{equation.5.1}
) has been already used, duplicate ignored
<to be read again> 
                   \relax 
l.657 \begin{equation}
                      
pdfTeX warning (ext4): destination with the same identifier (name{equation.5.1}
) has been already used, duplicate ignored
<to be read again> 
                   \relax 
l.657 \begin{equation}
                      
pdfTeX warning (ext4): destination with the same identifier (name{equation.5.1}
) has been already used, duplicate ignored
<to be read again> 
                   \relax 
l.664 \begin{equation}
                      
pdfTeX warning (ext4): destination with the same identifier (name{equation.5.1}
) has been already used, duplicate ignored
<to be read again> 
                   \relax 
l.664 \begin{equation}
                      
pdfTeX warning (ext4): destination with the same identifier (name{equation.5.1}
) has been already used, duplicate ignored
<to be read again> 
                   \relax 
l.664 \begin{equation}
                      
pdfTeX warning (ext4): destination with the same identifier (name{equation.5.1}
) has been already used, duplicate ignored
<to be read again> 
                   \relax 
l.664 \begin{equation}
                      
pdfTeX warning (ext4): destination with the same identifier (name{equation.5.1}
) has been already used, duplicate ignored
<to be read again> 
                   \relax 
l.677 \begin{equation}
                      
pdfTeX warning (ext4): destination with the same identifier (name{equation.5.1}
) has been already used, duplicate ignored
<to be read again> 
                   \relax 
l.677 \begin{equation}
                      
pdfTeX warning (ext4): destination with the same identifier (name{equation.5.1}
) has been already used, duplicate ignored
<to be read again> 
                   \relax 
l.677 \begin{equation}
                      
pdfTeX warning (ext4): destination with the same identifier (name{equation.5.1}
) has been already used, duplicate ignored
<to be read again> 
                   \relax 
l.677 \begin{equation}
                      
pdfTeX warning (ext4): destination with the same identifier (name{equation.5.1}
) has been already used, duplicate ignored
<to be read again> 
                   \relax 
l.682 \begin{equation}
                      
pdfTeX warning (ext4): destination with the same identifier (name{equation.5.1}
) has been already used, duplicate ignored
<to be read again> 
                   \relax 
l.682 \begin{equation}
                      
pdfTeX warning (ext4): destination with the same identifier (name{equation.5.1}
) has been already used, duplicate ignored
<to be read again> 
                   \relax 
l.682 \begin{equation}
                      
pdfTeX warning (ext4): destination with the same identifier (name{equation.5.1}
) has been already used, duplicate ignored
<to be read again> 
                   \relax 
l.682 \begin{equation}
                       [34]
pdfTeX warning (ext4): destination with the same identifier (name{equation.5.1}
) has been already used, duplicate ignored
<to be read again> 
                   \relax 
l.731 \begin{equation}
                      
pdfTeX warning (ext4): destination with the same identifier (name{equation.5.1}
) has been already used, duplicate ignored
<to be read again> 
                   \relax 
l.731 \begin{equation}
                      
pdfTeX warning (ext4): destination with the same identifier (name{equation.5.1}
) has been already used, duplicate ignored
<to be read again> 
                   \relax 
l.731 \begin{equation}
                      
pdfTeX warning (ext4): destination with the same identifier (name{equation.5.1}
) has been already used, duplicate ignored
<to be read again> 
                   \relax 
l.731 \begin{equation}
                      
pdfTeX warning (ext4): destination with the same identifier (name{equation.5.1}
) has been already used, duplicate ignored
<to be read again> 
                   \relax 
l.788 \begin{equation}
                      
pdfTeX warning (ext4): destination with the same identifier (name{equation.5.1}
) has been already used, duplicate ignored
<to be read again> 
                   \relax 
l.788 \begin{equation}
                      
pdfTeX warning (ext4): destination with the same identifier (name{equation.5.1}
) has been already used, duplicate ignored
<to be read again> 
                   \relax 
l.788 \begin{equation}
                      
pdfTeX warning (ext4): destination with the same identifier (name{equation.5.1}
) has been already used, duplicate ignored
<to be read again> 
                   \relax 
l.788 \begin{equation}
                      
pdfTeX warning (ext4): destination with the same identifier (name{equation.5.1}
) has been already used, duplicate ignored
<to be read again> 
                   \relax 
l.792 \begin{equation}
                      
pdfTeX warning (ext4): destination with the same identifier (name{equation.5.1}
) has been already used, duplicate ignored
<to be read again> 
                   \relax 
l.792 \begin{equation}
                      
pdfTeX warning (ext4): destination with the same identifier (name{equation.5.1}
) has been already used, duplicate ignored
<to be read again> 
                   \relax 
l.792 \begin{equation}
                      
pdfTeX warning (ext4): destination with the same identifier (name{equation.5.1}
) has been already used, duplicate ignored
<to be read again> 
                   \relax 
l.792 \begin{equation}
                      
pdfTeX warning (ext4): destination with the same identifier (name{equation.5.1}
) has been already used, duplicate ignored
<to be read again> 
                   \relax 
l.799 \begin{equation}
                      
pdfTeX warning (ext4): destination with the same identifier (name{equation.5.1}
) has been already used, duplicate ignored
<to be read again> 
                   \relax 
l.799 \begin{equation}
                      
pdfTeX warning (ext4): destination with the same identifier (name{equation.5.1}
) has been already used, duplicate ignored
<to be read again> 
                   \relax 
l.799 \begin{equation}
                      
pdfTeX warning (ext4): destination with the same identifier (name{equation.5.1}
) has been already used, duplicate ignored
<to be read again> 
                   \relax 
l.799 \begin{equation}
                      
pdfTeX warning (ext4): destination with the same identifier (name{equation.5.1}
) has been already used, duplicate ignored
<to be read again> 
                   \relax 
l.809 \begin{equation}
                      
pdfTeX warning (ext4): destination with the same identifier (name{equation.5.1}
) has been already used, duplicate ignored
<to be read again> 
                   \relax 
l.809 \begin{equation}
                      
pdfTeX warning (ext4): destination with the same identifier (name{equation.5.1}
) has been already used, duplicate ignored
<to be read again> 
                   \relax 
l.809 \begin{equation}
                      
pdfTeX warning (ext4): destination with the same identifier (name{equation.5.1}
) has been already used, duplicate ignored
<to be read again> 
                   \relax 
l.809 \begin{equation}
                       [35]
Overfull \hbox (21.83893pt too wide) detected at line 832
[][][]\OT1/cmr/m/n/10 ^^A \OMS/cmsy/m/n/10 ^^Q \OML/cmm/m/it/10 r[] \OMS/cmsy/m
/n/10 ^^@ \OT1/cmr/m/n/10 2\OML/cmm/m/it/10 Mr \OT1/cmr/m/n/10 + \OML/cmm/m/it/
10 a[] \OT1/cmr/m/n/10 = \OML/cmm/m/it/10 r[]\U/rsfs/m/n/10 D\OML/cmm/m/it/10 ;
  \U/rsfs/m/n/10 A \OT1/cmr/m/n/10 = \OML/cmm/m/it/10 r[] \OT1/cmr/m/n/10 + \OM
L/cmm/m/it/10 r[]a[] \OT1/cmr/m/n/10 + 2\OML/cmm/m/it/10 Mra[] \OT1/cmr/m/n/10 
= \OML/cmm/m/it/10 r[] \U/rsfs/m/n/10 A\OML/cmm/m/it/10 ;
 []


Overfull \hbox (7.01729pt too wide) detected at line 966
[]
 []

[36
pdfTeX warning (ext4): destination with the same identifier (name{equation.5.2}
) has been already used, duplicate ignored
<argument> ...shipout:D \box_use:N \l_shipout_box 
                                                  \__shipout_drop_firstpage_...
l.1003 \item[(i)]
                  The central plane of the disk coincides with the equatoria...

pdfTeX warning (ext4): destination with the same identifier (name{equation.5.2}
) has been already used, duplicate ignored
<argument> ...shipout:D \box_use:N \l_shipout_box 
                                                  \__shipout_drop_firstpage_...
l.1003 \item[(i)]
                  The central plane of the disk coincides with the equatoria...

pdfTeX warning (ext4): destination with the same identifier (name{equation.5.2}
) has been already used, duplicate ignored
<argument> ...shipout:D \box_use:N \l_shipout_box 
                                                  \__shipout_drop_firstpage_...
l.1003 \item[(i)]
                  The central plane of the disk coincides with the equatoria...

pdfTeX warning (ext4): destination with the same identifier (name{equation.5.2}
) has been already used, duplicate ignored
<argument> ...shipout:D \box_use:N \l_shipout_box 
                                                  \__shipout_drop_firstpage_...
l.1003 \item[(i)]
                  The central plane of the disk coincides with the equatoria...

pdfTeX warning (ext4): destination with the same identifier (name{equation.5.2}
) has been already used, duplicate ignored
<argument> ...shipout:D \box_use:N \l_shipout_box 
                                                  \__shipout_drop_firstpage_...
l.1003 \item[(i)]
                  The central plane of the disk coincides with the equatoria...

pdfTeX warning (ext4): destination with the same identifier (name{equation.5.2}
) has been already used, duplicate ignored
<argument> ...shipout:D \box_use:N \l_shipout_box 
                                                  \__shipout_drop_firstpage_...
l.1003 \item[(i)]
                  The central plane of the disk coincides with the equatoria...

pdfTeX warning (ext4): destination with the same identifier (name{equation.5.4}
) has been already used, duplicate ignored
<argument> ...shipout:D \box_use:N \l_shipout_box 
                                                  \__shipout_drop_firstpage_...
l.1003 \item[(i)]
                  The central plane of the disk coincides with the equatoria...

pdfTeX warning (ext4): destination with the same identifier (name{equation.5.4}
) has been already used, duplicate ignored
<argument> ...shipout:D \box_use:N \l_shipout_box 
                                                  \__shipout_drop_firstpage_...
l.1003 \item[(i)]
                  The central plane of the disk coincides with the equatoria...

pdfTeX warning (ext4): destination with the same identifier (name{equation.5.4}
) has been already used, duplicate ignored
<argument> ...shipout:D \box_use:N \l_shipout_box 
                                                  \__shipout_drop_firstpage_...
l.1003 \item[(i)]
                  The central plane of the disk coincides with the equatoria...

pdfTeX warning (ext4): destination with the same identifier (name{equation.5.5}
) has been already used, duplicate ignored
<argument> ...shipout:D \box_use:N \l_shipout_box 
                                                  \__shipout_drop_firstpage_...
l.1003 \item[(i)]
                  The central plane of the disk coincides with the equatoria...
]
Overfull \hbox (8.96402pt too wide) detected at line 1035
[][][]\OMS/cmsy/m/n/10 h\OT1/cmr/m/n/10 	\OMS/cmsy/m/n/10 i \OT1/cmr/m/n/10 = [
] [][] [][] [][]  	 \OML/cmm/m/it/10 d^^^ dt dr\OT1/cmr/m/n/10 ;
 []

[37
pdfTeX warning (ext4): destination with the same identifier (name{equation.5.7}
) has been already used, duplicate ignored
<argument> ...shipout:D \box_use:N \l_shipout_box 
                                                  \__shipout_drop_firstpage_...
l.1161 \begin{equation}
                       
pdfTeX warning (ext4): destination with the same identifier (name{equation.5.7}
) has been already used, duplicate ignored
<argument> ...shipout:D \box_use:N \l_shipout_box 
                                                  \__shipout_drop_firstpage_...
l.1161 \begin{equation}
                       
pdfTeX warning (ext4): destination with the same identifier (name{equation.5.7}
) has been already used, duplicate ignored
<argument> ...shipout:D \box_use:N \l_shipout_box 
                                                  \__shipout_drop_firstpage_...
l.1161 \begin{equation}
                       ]
pdfTeX warning (ext4): destination with the same identifier (name{equation.5.9}
) has been already used, duplicate ignored
<to be read again> 
                   \relax 
l.1161 \begin{equation}
                       
pdfTeX warning (ext4): destination with the same identifier (name{equation.5.9}
) has been already used, duplicate ignored
<to be read again> 
                   \relax 
l.1161 \begin{equation}
                       
pdfTeX warning (ext4): destination with the same identifier (name{equation.5.9}
) has been already used, duplicate ignored
<to be read again> 
                   \relax 
l.1161 \begin{equation}
                       
pdfTeX warning (ext4): destination with the same identifier (name{equation.5.9}
) has been already used, duplicate ignored
<to be read again> 
                   \relax 
l.1161 \begin{equation}
                       
pdfTeX warning (ext4): destination with the same identifier (name{equation.5.9}
) has been already used, duplicate ignored
<to be read again> 
                   \relax 
l.1167 \begin{equation}
                       
pdfTeX warning (ext4): destination with the same identifier (name{equation.5.9}
) has been already used, duplicate ignored
<to be read again> 
                   \relax 
l.1167 \begin{equation}
                       
pdfTeX warning (ext4): destination with the same identifier (name{equation.5.9}
) has been already used, duplicate ignored
<to be read again> 
                   \relax 
l.1167 \begin{equation}
                       
pdfTeX warning (ext4): destination with the same identifier (name{equation.5.9}
) has been already used, duplicate ignored
<to be read again> 
                   \relax 
l.1167 \begin{equation}
                       
pdfTeX warning (ext4): destination with the same identifier (name{equation.5.9}
) has been already used, duplicate ignored
<to be read again> 
                   \relax 
l.1172 \begin{equation}
                       
pdfTeX warning (ext4): destination with the same identifier (name{equation.5.9}
) has been already used, duplicate ignored
<to be read again> 
                   \relax 
l.1172 \begin{equation}
                       
pdfTeX warning (ext4): destination with the same identifier (name{equation.5.9}
) has been already used, duplicate ignored
<to be read again> 
                   \relax 
l.1172 \begin{equation}
                       
pdfTeX warning (ext4): destination with the same identifier (name{equation.5.9}
) has been already used, duplicate ignored
<to be read again> 
                   \relax 
l.1172 \begin{equation}
                       
pdfTeX warning (ext4): destination with the same identifier (name{equation.5.9}
) has been already used, duplicate ignored
<to be read again> 
                   \relax 
l.1178 \begin{equation}
                       
pdfTeX warning (ext4): destination with the same identifier (name{equation.5.9}
) has been already used, duplicate ignored
<to be read again> 
                   \relax 
l.1178 \begin{equation}
                       
pdfTeX warning (ext4): destination with the same identifier (name{equation.5.9}
) has been already used, duplicate ignored
<to be read again> 
                   \relax 
l.1178 \begin{equation}
                       
pdfTeX warning (ext4): destination with the same identifier (name{equation.5.9}
) has been already used, duplicate ignored
<to be read again> 
                   \relax 
l.1178 \begin{equation}
                       
pdfTeX warning (ext4): destination with the same identifier (name{equation.5.9}
) has been already used, duplicate ignored
<to be read again> 
                   \relax 
l.1198 \begin{equation}
                       
pdfTeX warning (ext4): destination with the same identifier (name{equation.5.9}
) has been already used, duplicate ignored
<to be read again> 
                   \relax 
l.1198 \begin{equation}
                       
pdfTeX warning (ext4): destination with the same identifier (name{equation.5.9}
) has been already used, duplicate ignored
<to be read again> 
                   \relax 
l.1198 \begin{equation}
                       
pdfTeX warning (ext4): destination with the same identifier (name{equation.5.9}
) has been already used, duplicate ignored
<to be read again> 
                   \relax 
l.1198 \begin{equation}
                       
Missing character: There is no g in font rsfs10!

pdfTeX warning (ext4): destination with the same identifier (name{equation.5.9}
) has been already used, duplicate ignored
<to be read again> 
                   \relax 
l.1206 \begin{equation}
                       
pdfTeX warning (ext4): destination with the same identifier (name{equation.5.9}
) has been already used, duplicate ignored
<to be read again> 
                   \relax 
l.1206 \begin{equation}
                       
pdfTeX warning (ext4): destination with the same identifier (name{equation.5.9}
) has been already used, duplicate ignored
<to be read again> 
                   \relax 
l.1206 \begin{equation}
                       
pdfTeX warning (ext4): destination with the same identifier (name{equation.5.9}
) has been already used, duplicate ignored
<to be read again> 
                   \relax 
l.1206 \begin{equation}
                       
Missing character: There is no g in font rsfs10!

Overfull \hbox (2.47363pt too wide) detected at line 1210
[][][][] \OT1/cmr/m/n/10 = \OMS/cmsy/m/n/10 ^^@\OT1/cmr/m/n/10 2\OML/cmm/m/it/1
0 ^^Yr [] \OT1/cmr/m/n/10 ^^F [] []\OML/cmm/m/it/10 :
 []


pdfTeX warning (ext4): destination with the same identifier (name{equation.5.9}
) has been already used, duplicate ignored
<to be read again> 
                   \relax 
l.1217 \begin{equation}
                       
pdfTeX warning (ext4): destination with the same identifier (name{equation.5.9}
) has been already used, duplicate ignored
<to be read again> 
                   \relax 
l.1217 \begin{equation}
                       
pdfTeX warning (ext4): destination with the same identifier (name{equation.5.9}
) has been already used, duplicate ignored
<to be read again> 
                   \relax 
l.1217 \begin{equation}
                       
pdfTeX warning (ext4): destination with the same identifier (name{equation.5.9}
) has been already used, duplicate ignored
<to be read again> 
                   \relax 
l.1217 \begin{equation}
                       
pdfTeX warning (ext4): destination with the same identifier (name{equation.5.9}
) has been already used, duplicate ignored
<to be read again> 
                   \relax 
l.1225 \begin{equation}
                       
pdfTeX warning (ext4): destination with the same identifier (name{equation.5.9}
) has been already used, duplicate ignored
<to be read again> 
                   \relax 
l.1225 \begin{equation}
                       
pdfTeX warning (ext4): destination with the same identifier (name{equation.5.9}
) has been already used, duplicate ignored
<to be read again> 
                   \relax 
l.1225 \begin{equation}
                       
pdfTeX warning (ext4): destination with the same identifier (name{equation.5.9}
) has been already used, duplicate ignored
<to be read again> 
                   \relax 
l.1225 \begin{equation}
                       
pdfTeX warning (ext4): destination with the same identifier (name{equation.5.9}
) has been already used, duplicate ignored
<to be read again> 
                   \relax 
l.1234 \begin{equation}
                       
pdfTeX warning (ext4): destination with the same identifier (name{equation.5.9}
) has been already used, duplicate ignored
<to be read again> 
                   \relax 
l.1234 \begin{equation}
                       
pdfTeX warning (ext4): destination with the same identifier (name{equation.5.9}
) has been already used, duplicate ignored
<to be read again> 
                   \relax 
l.1234 \begin{equation}
                       
pdfTeX warning (ext4): destination with the same identifier (name{equation.5.9}
) has been already used, duplicate ignored
<to be read again> 
                   \relax 
l.1234 \begin{equation}
                       
pdfTeX warning (ext4): destination with the same identifier (name{equation.5.9}
) has been already used, duplicate ignored
<to be read again> 
                   \relax 
l.1240 \begin{equation}
                       
pdfTeX warning (ext4): destination with the same identifier (name{equation.5.9}
) has been already used, duplicate ignored
<to be read again> 
                   \relax 
l.1240 \begin{equation}
                       
pdfTeX warning (ext4): destination with the same identifier (name{equation.5.9}
) has been already used, duplicate ignored
<to be read again> 
                   \relax 
l.1240 \begin{equation}
                       
pdfTeX warning (ext4): destination with the same identifier (name{equation.5.9}
) has been already used, duplicate ignored
<to be read again> 
                   \relax 
l.1240 \begin{equation}
                       
pdfTeX warning (ext4): destination with the same identifier (name{equation.5.9}
) has been already used, duplicate ignored
<to be read again> 
                   \relax 
l.1247 \begin{equation}
                       
pdfTeX warning (ext4): destination with the same identifier (name{equation.5.9}
) has been already used, duplicate ignored
<to be read again> 
                   \relax 
l.1247 \begin{equation}
                       
pdfTeX warning (ext4): destination with the same identifier (name{equation.5.9}
) has been already used, duplicate ignored
<to be read again> 
                   \relax 
l.1247 \begin{equation}
                       
pdfTeX warning (ext4): destination with the same identifier (name{equation.5.9}
) has been already used, duplicate ignored
<to be read again> 
                   \relax 
l.1247 \begin{equation}
                       
Missing character: There is no g in font rsfs10!
Missing character: There is no g in font rsfs10!

Overfull \hbox (78.76242pt too wide) detected at line 1250
[][][]\OMS/cmsy/m/n/10 r ^^A \OT1/cmr/bx/n/10 J \OT1/cmr/m/n/10 = 0 = \OML/cmm/
m/it/10 ^^Z[]\OT1/cmr/m/n/10 (\OML/cmm/m/it/10 du[]=d^^\\OT1/cmr/m/n/10 )[] + \
OML/cmm/m/it/10 r[]\OT1/cmr/m/n/10 (\OML/cmm/m/it/10 r[][][][][]\OT1/cmr/m/n/10
 ) + \OML/cmm/m/it/10 r[]\OT1/cmr/m/n/10 (\OML/cmm/m/it/10 r[][]\OT1/cmr/m/n/10
 2[])[] + 2[]\OML/cmm/m/it/10 F \OT1/cmr/m/n/10 = 0\OML/cmm/m/it/10 :
 []

Missing character: There is no g in font rsfs10!
Missing character: There is no g in font rsfs10!
Missing character: There is no g in font rsfs10!
Missing character: There is no g in font rsfs10!
Missing character: There is no g in font rsfs10!
Missing character: There is no g in font rsfs10!
[38
pdfTeX warning (ext4): destination with the same identifier (name{equation.5.10
}) has been already used, duplicate ignored
<argument> ...shipout:D \box_use:N \l_shipout_box 
                                                  \__shipout_drop_firstpage_...
l.1330 
       
pdfTeX warning (ext4): destination with the same identifier (name{equation.5.10
}) has been already used, duplicate ignored
<argument> ...shipout:D \box_use:N \l_shipout_box 
                                                  \__shipout_drop_firstpage_...
l.1330 
       
pdfTeX warning (ext4): destination with the same identifier (name{equation.5.10
}) has been already used, duplicate ignored
<argument> ...shipout:D \box_use:N \l_shipout_box 
                                                  \__shipout_drop_firstpage_...
l.1330 
       
pdfTeX warning (ext4): destination with the same identifier (name{equation.5.10
}) has been already used, duplicate ignored
<argument> ...shipout:D \box_use:N \l_shipout_box 
                                                  \__shipout_drop_firstpage_...
l.1330 
       
pdfTeX warning (ext4): destination with the same identifier (name{equation.5.10
}) has been already used, duplicate ignored
<argument> ...shipout:D \box_use:N \l_shipout_box 
                                                  \__shipout_drop_firstpage_...
l.1330 
       
pdfTeX warning (ext4): destination with the same identifier (name{equation.5.10
}) has been already used, duplicate ignored
<argument> ...shipout:D \box_use:N \l_shipout_box 
                                                  \__shipout_drop_firstpage_...
l.1330 
       ]
Overfull \hbox (21.73062pt too wide) detected at line 1374
[][][][]\OMS/cmsy/m/n/10 ^^@[][]\OML/cmm/m/it/10 =\OT1/cmr/m/n/10 2\OML/cmm/m/i
t/10 ^^Y \OT1/cmr/m/n/10 + \OML/cmm/m/it/10 r[]\U/rsfs/m/n/10 G[] \OT1/cmr/m/n/
10 2\U/rsfs/m/n/10 G \OML/cmm/m/it/10 W[][] \OT1/cmr/m/n/10 + [](\OML/cmm/m/it/
10 Mr\OT1/cmr/m/n/10 )[] [] \U/rsfs/m/n/10 G[] G \OML/cmm/m/it/10 W \OT1/cmr/m/
n/10 = 0\OML/cmm/m/it/10 :
 []


Underfull \hbox (badness 1917) in paragraph at lines 1410--1412
[]\OT1/cmr/m/n/10 These are the rel-a-tivis-tic, black-hole ver-sions of
 []

[39
pdfTeX warning (ext4): destination with the same identifier (name{equation.5.12
}) has been already used, duplicate ignored
<argument> ...shipout:D \box_use:N \l_shipout_box 
                                                  \__shipout_drop_firstpage_...
l.1451 
       
pdfTeX warning (ext4): destination with the same identifier (name{equation.5.12
}) has been already used, duplicate ignored
<argument> ...shipout:D \box_use:N \l_shipout_box 
                                                  \__shipout_drop_firstpage_...
l.1451 
       
pdfTeX warning (ext4): destination with the same identifier (name{equation.5.13
}) has been already used, duplicate ignored
<argument> ...shipout:D \box_use:N \l_shipout_box 
                                                  \__shipout_drop_firstpage_...
l.1451 
       
pdfTeX warning (ext4): destination with the same identifier (name{equation.5.13
}) has been already used, duplicate ignored
<argument> ...shipout:D \box_use:N \l_shipout_box 
                                                  \__shipout_drop_firstpage_...
l.1451 
       
pdfTeX warning (ext4): destination with the same identifier (name{equation.5.13
}) has been already used, duplicate ignored
<argument> ...shipout:D \box_use:N \l_shipout_box 
                                                  \__shipout_drop_firstpage_...
l.1451 
       
pdfTeX warning (ext4): destination with the same identifier (name{equation.5.13
}) has been already used, duplicate ignored
<argument> ...shipout:D \box_use:N \l_shipout_box 
                                                  \__shipout_drop_firstpage_...
l.1451 
       ]
pdfTeX warning (ext4): destination with the same identifier (name{equation.5.13
}) has been already used, duplicate ignored
<to be read again> 
                   \relax 
l.1461 \begin{equation}
                       
pdfTeX warning (ext4): destination with the same identifier (name{equation.5.13
}) has been already used, duplicate ignored
<to be read again> 
                   \relax 
l.1461 \begin{equation}
                       
pdfTeX warning (ext4): destination with the same identifier (name{equation.5.13
}) has been already used, duplicate ignored
<to be read again> 
                   \relax 
l.1461 \begin{equation}
                       
pdfTeX warning (ext4): destination with the same identifier (name{equation.5.13
}) has been already used, duplicate ignored
<to be read again> 
                   \relax 
l.1461 \begin{equation}
                       
pdfTeX warning (ext4): destination with the same identifier (name{equation.5.13
}) has been already used, duplicate ignored
<to be read again> 
                   \relax 
l.1469 \begin{equation}
                       
pdfTeX warning (ext4): destination with the same identifier (name{equation.5.13
}) has been already used, duplicate ignored
<to be read again> 
                   \relax 
l.1469 \begin{equation}
                       
pdfTeX warning (ext4): destination with the same identifier (name{equation.5.13
}) has been already used, duplicate ignored
<to be read again> 
                   \relax 
l.1469 \begin{equation}
                       
pdfTeX warning (ext4): destination with the same identifier (name{equation.5.13
}) has been already used, duplicate ignored
<to be read again> 
                   \relax 
l.1469 \begin{equation}
                       
Overfull \hbox (12.44592pt too wide) detected at line 1478
[][][]\OML/cmm/m/it/10 R[] \OT1/cmr/m/n/10 = [] [] []
 []


pdfTeX warning (ext4): destination with the same identifier (name{equation.5.13
}) has been already used, duplicate ignored
<to be read again> 
                   \relax 
l.1503 \begin{equation}
                       
pdfTeX warning (ext4): destination with the same identifier (name{equation.5.13
}) has been already used, duplicate ignored
<to be read again> 
                   \relax 
l.1503 \begin{equation}
                       
pdfTeX warning (ext4): destination with the same identifier (name{equation.5.13
}) has been already used, duplicate ignored
<to be read again> 
                   \relax 
l.1503 \begin{equation}
                       
pdfTeX warning (ext4): destination with the same identifier (name{equation.5.13
}) has been already used, duplicate ignored
<to be read again> 
                   \relax 
l.1503 \begin{equation}
                       
pdfTeX warning (ext4): destination with the same identifier (name{equation.5.13
}) has been already used, duplicate ignored
<to be read again> 
                   \relax 
l.1512 \begin{equation}
                       
pdfTeX warning (ext4): destination with the same identifier (name{equation.5.13
}) has been already used, duplicate ignored
<to be read again> 
                   \relax 
l.1512 \begin{equation}
                       
pdfTeX warning (ext4): destination with the same identifier (name{equation.5.13
}) has been already used, duplicate ignored
<to be read again> 
                   \relax 
l.1512 \begin{equation}
                       
pdfTeX warning (ext4): destination with the same identifier (name{equation.5.13
}) has been already used, duplicate ignored
<to be read again> 
                   \relax 
l.1512 \begin{equation}
                       
Underfull \hbox (badness 1953) in paragraph at lines 1517--1519
\OT1/cmr/m/n/10 de-pends on the ex-plicit as-
 []


pdfTeX warning (ext4): destination with the same identifier (name{equation.5.13
}) has been already used, duplicate ignored
<to be read again> 
                   \relax 
l.1526 \begin{equation}
                       
pdfTeX warning (ext4): destination with the same identifier (name{equation.5.13
}) has been already used, duplicate ignored
<to be read again> 
                   \relax 
l.1526 \begin{equation}
                       
pdfTeX warning (ext4): destination with the same identifier (name{equation.5.13
}) has been already used, duplicate ignored
<to be read again> 
                   \relax 
l.1526 \begin{equation}
                       
pdfTeX warning (ext4): destination with the same identifier (name{equation.5.13
}) has been already used, duplicate ignored
<to be read again> 
                   \relax 
l.1526 \begin{equation}
                       
pdfTeX warning (ext4): destination with the same identifier (name{equation.5.13
}) has been already used, duplicate ignored
<to be read again> 
                   \relax 
l.1536 \begin{equation}
                       
pdfTeX warning (ext4): destination with the same identifier (name{equation.5.13
}) has been already used, duplicate ignored
<to be read again> 
                   \relax 
l.1536 \begin{equation}
                       
pdfTeX warning (ext4): destination with the same identifier (name{equation.5.13
}) has been already used, duplicate ignored
<to be read again> 
                   \relax 
l.1536 \begin{equation}
                       
pdfTeX warning (ext4): destination with the same identifier (name{equation.5.13
}) has been already used, duplicate ignored
<to be read again> 
                   \relax 
l.1536 \begin{equation}
                       
pdfTeX warning (ext4): destination with the same identifier (name{equation.5.13
}) has been already used, duplicate ignored
<to be read again> 
                   \relax 
l.1551 \begin{equation}
                       
pdfTeX warning (ext4): destination with the same identifier (name{equation.5.13
}) has been already used, duplicate ignored
<to be read again> 
                   \relax 
l.1551 \begin{equation}
                       
pdfTeX warning (ext4): destination with the same identifier (name{equation.5.13
}) has been already used, duplicate ignored
<to be read again> 
                   \relax 
l.1551 \begin{equation}
                       
pdfTeX warning (ext4): destination with the same identifier (name{equation.5.13
}) has been already used, duplicate ignored
<to be read again> 
                   \relax 
l.1551 \begin{equation}
                       
pdfTeX warning (ext4): destination with the same identifier (name{equation.5.13
}) has been already used, duplicate ignored
<to be read again> 
                   \relax 
l.1558 \begin{equation}
                       
pdfTeX warning (ext4): destination with the same identifier (name{equation.5.13
}) has been already used, duplicate ignored
<to be read again> 
                   \relax 
l.1558 \begin{equation}
                       
pdfTeX warning (ext4): destination with the same identifier (name{equation.5.13
}) has been already used, duplicate ignored
<to be read again> 
                   \relax 
l.1558 \begin{equation}
                       
pdfTeX warning (ext4): destination with the same identifier (name{equation.5.13
}) has been already used, duplicate ignored
<to be read again> 
                   \relax 
l.1558 \begin{equation}
                       
Underfull \hbox (badness 1953) in paragraph at lines 1563--1565
\OT1/cmr/m/n/10 de-pends on the ex-plicit as-
 []


pdfTeX warning (ext4): destination with the same identifier (name{equation.5.13
}) has been already used, duplicate ignored
<to be read again> 
                   \relax 
l.1573 \begin{equation}
                       
pdfTeX warning (ext4): destination with the same identifier (name{equation.5.13
}) has been already used, duplicate ignored
<to be read again> 
                   \relax 
l.1573 \begin{equation}
                       
pdfTeX warning (ext4): destination with the same identifier (name{equation.5.13
}) has been already used, duplicate ignored
<to be read again> 
                   \relax 
l.1573 \begin{equation}
                       
pdfTeX warning (ext4): destination with the same identifier (name{equation.5.13
}) has been already used, duplicate ignored
<to be read again> 
                   \relax 
l.1573 \begin{equation}
                       
pdfTeX warning (ext4): destination with the same identifier (name{equation.5.13
}) has been already used, duplicate ignored
<to be read again> 
                   \relax 
l.1582 \begin{equation}
                       
pdfTeX warning (ext4): destination with the same identifier (name{equation.5.13
}) has been already used, duplicate ignored
<to be read again> 
                   \relax 
l.1582 \begin{equation}
                       
pdfTeX warning (ext4): destination with the same identifier (name{equation.5.13
}) has been already used, duplicate ignored
<to be read again> 
                   \relax 
l.1582 \begin{equation}
                       
pdfTeX warning (ext4): destination with the same identifier (name{equation.5.13
}) has been already used, duplicate ignored
<to be read again> 
                   \relax 
l.1582 \begin{equation}
                       
Underfull \hbox (badness 1953) in paragraph at lines 1587--1589
\OT1/cmr/m/n/10 de-pends on the ex-plicit as-
 []


pdfTeX warning (ext4): destination with the same identifier (name{equation.5.13
}) has been already used, duplicate ignored
<to be read again> 
                   \relax 
l.1602 \begin{equation}
                       
pdfTeX warning (ext4): destination with the same identifier (name{equation.5.13
}) has been already used, duplicate ignored
<to be read again> 
                   \relax 
l.1602 \begin{equation}
                       
pdfTeX warning (ext4): destination with the same identifier (name{equation.5.13
}) has been already used, duplicate ignored
<to be read again> 
                   \relax 
l.1602 \begin{equation}
                       
pdfTeX warning (ext4): destination with the same identifier (name{equation.5.13
}) has been already used, duplicate ignored
<to be read again> 
                   \relax 
l.1602 \begin{equation}
                       
pdfTeX warning (ext4): destination with the same identifier (name{equation.5.13
}) has been already used, duplicate ignored
<to be read again> 
                   \relax 
l.1609 \begin{equation}
                       
pdfTeX warning (ext4): destination with the same identifier (name{equation.5.13
}) has been already used, duplicate ignored
<to be read again> 
                   \relax 
l.1609 \begin{equation}
                       
pdfTeX warning (ext4): destination with the same identifier (name{equation.5.13
}) has been already used, duplicate ignored
<to be read again> 
                   \relax 
l.1609 \begin{equation}
                       
pdfTeX warning (ext4): destination with the same identifier (name{equation.5.13
}) has been already used, duplicate ignored
<to be read again> 
                   \relax 
l.1609 \begin{equation}
                       
pdfTeX warning (ext4): destination with the same identifier (name{equation.5.13
}) has been already used, duplicate ignored
<to be read again> 
                   \relax 
l.1616 \begin{equation}
                       
pdfTeX warning (ext4): destination with the same identifier (name{equation.5.13
}) has been already used, duplicate ignored
<to be read again> 
                   \relax 
l.1616 \begin{equation}
                       
pdfTeX warning (ext4): destination with the same identifier (name{equation.5.13
}) has been already used, duplicate ignored
<to be read again> 
                   \relax 
l.1616 \begin{equation}
                       
pdfTeX warning (ext4): destination with the same identifier (name{equation.5.13
}) has been already used, duplicate ignored
<to be read again> 
                   \relax 
l.1616 \begin{equation}
                       
Underfull \hbox (badness 2781) in paragraph at lines 1619--1624
\OT1/cmr/m/n/10 (iv) the in-te-grated stress must equal the ex-pres-
 []


pdfTeX warning (ext4): destination with the same identifier (name{equation.5.13
}) has been already used, duplicate ignored
<to be read again> 
                   \relax 
l.1624 \begin{equation}
                       
pdfTeX warning (ext4): destination with the same identifier (name{equation.5.13
}) has been already used, duplicate ignored
<to be read again> 
                   \relax 
l.1624 \begin{equation}
                       
pdfTeX warning (ext4): destination with the same identifier (name{equation.5.13
}) has been already used, duplicate ignored
<to be read again> 
                   \relax 
l.1624 \begin{equation}
                       
pdfTeX warning (ext4): destination with the same identifier (name{equation.5.13
}) has been already used, duplicate ignored
<to be read again> 
                   \relax 
l.1624 \begin{equation}
                        [40]
pdfTeX warning (ext4): destination with the same identifier (name{equation.5.13
}) has been already used, duplicate ignored
<to be read again> 
                   \relax 
l.1633 \begin{equation}
                       
pdfTeX warning (ext4): destination with the same identifier (name{equation.5.13
}) has been already used, duplicate ignored
<to be read again> 
                   \relax 
l.1633 \begin{equation}
                       
pdfTeX warning (ext4): destination with the same identifier (name{equation.5.13
}) has been already used, duplicate ignored
<to be read again> 
                   \relax 
l.1633 \begin{equation}
                       
pdfTeX warning (ext4): destination with the same identifier (name{equation.5.13
}) has been already used, duplicate ignored
<to be read again> 
                   \relax 
l.1633 \begin{equation}
                       
Underfull \hbox (badness 2376) in paragraph at lines 1635--1639
\OT1/cmr/m/n/10 which one can in-sert into the third ra-dial equa-
 []


Overfull \hbox (47.99957pt too wide) detected at line 1715
[][][][] \OT1/cmr/m/n/10 = (0\OML/cmm/m/it/10 :\OT1/cmr/m/n/10 64 \OMS/cmsy/m/n
/10 ^^B \OT1/cmr/m/n/10 10[]) [] [][]  [] \OML/cmm/m/it/10 ;  [] \OT1/cmr/m/n/1
0 = 0\OML/cmm/m/it/10 :\OT1/cmr/m/n/10 40 [] \OML/cmm/m/it/10 :
 []

[41
pdfTeX warning (ext4): destination with the same identifier (name{equation.5.14
}) has been already used, duplicate ignored
<argument> ...shipout:D \box_use:N \l_shipout_box 
                                                  \__shipout_drop_firstpage_...
l.1797 
       
pdfTeX warning (ext4): destination with the same identifier (name{equation.5.14
}) has been already used, duplicate ignored
<argument> ...shipout:D \box_use:N \l_shipout_box 
                                                  \__shipout_drop_firstpage_...
l.1797 
       
pdfTeX warning (ext4): destination with the same identifier (name{equation.5.14
}) has been already used, duplicate ignored
<argument> ...shipout:D \box_use:N \l_shipout_box 
                                                  \__shipout_drop_firstpage_...
l.1797 
       
pdfTeX warning (ext4): destination with the same identifier (name{equation.5.14
}) has been already used, duplicate ignored
<argument> ...shipout:D \box_use:N \l_shipout_box 
                                                  \__shipout_drop_firstpage_...
l.1797 
       
pdfTeX warning (ext4): destination with the same identifier (name{equation.5.15
}) has been already used, duplicate ignored
<argument> ...shipout:D \box_use:N \l_shipout_box 
                                                  \__shipout_drop_firstpage_...
l.1797 
       
pdfTeX warning (ext4): destination with the same identifier (name{equation.5.16
}) has been already used, duplicate ignored
<argument> ...shipout:D \box_use:N \l_shipout_box 
                                                  \__shipout_drop_firstpage_...
l.1797 
       
pdfTeX warning (ext4): destination with the same identifier (name{equation.5.17
}) has been already used, duplicate ignored
<argument> ...shipout:D \box_use:N \l_shipout_box 
                                                  \__shipout_drop_firstpage_...
l.1797 
       
pdfTeX warning (ext4): destination with the same identifier (name{equation.5.17
}) has been already used, duplicate ignored
<argument> ...shipout:D \box_use:N \l_shipout_box 
                                                  \__shipout_drop_firstpage_...
l.1797 
       
pdfTeX warning (ext4): destination with the same identifier (name{equation.5.17
}) has been already used, duplicate ignored
<argument> ...shipout:D \box_use:N \l_shipout_box 
                                                  \__shipout_drop_firstpage_...
l.1797 
       
pdfTeX warning (ext4): destination with the same identifier (name{equation.5.17
}) has been already used, duplicate ignored
<argument> ...shipout:D \box_use:N \l_shipout_box 
                                                  \__shipout_drop_firstpage_...
l.1797 
       ]
Overfull \hbox (46.20595pt too wide) detected at line 1817
[]
 []


Overfull \hbox (41.65393pt too wide) detected at line 1842
[]
 []


Overfull \hbox (55.9349pt too wide) detected at line 1861
[]
 []


pdfTeX warning (ext4): destination with the same identifier (name{equation.5.17
}) has been already used, duplicate ignored
<to be read again> 
                   \relax 
l.1869 \begin{equation}
                       
pdfTeX warning (ext4): destination with the same identifier (name{equation.5.17
}) has been already used, duplicate ignored
<to be read again> 
                   \relax 
l.1869 \begin{equation}
                       
pdfTeX warning (ext4): destination with the same identifier (name{equation.5.17
}) has been already used, duplicate ignored
<to be read again> 
                   \relax 
l.1869 \begin{equation}
                       
pdfTeX warning (ext4): destination with the same identifier (name{equation.5.17
}) has been already used, duplicate ignored
<to be read again> 
                   \relax 
l.1869 \begin{equation}
                       
Overfull \hbox (43.28087pt too wide) detected at line 1875
[][][]\OML/cmm/m/it/10 r[] \OT1/cmr/m/n/10 = \OML/cmm/m/it/10 r[] \OMS/cmsy/m/n
/10 ^^Q \OT1/cmr/m/n/10 2 \OMS/cmsy/m/n/10 ^^B \OT1/cmr/m/n/10 10[] (\OML/cmm/m
/it/10 M[] []\OT1/cmr/m/n/10 ) \U/rsfs/m/n/10 Q[] B[] C[] Q[] Q[]\OML/cmm/m/it/
10 :
 []


Overfull \hbox (57.46646pt too wide) detected at line 1906
[]
 []


Overfull \hbox (3.42104pt too wide) detected at line 1949
[]
 []


pdfTeX warning (ext4): destination with the same identifier (name{equation.5.17
}) has been already used, duplicate ignored
<to be read again> 
                   \relax 
l.1954 \begin{equation}
                       
pdfTeX warning (ext4): destination with the same identifier (name{equation.5.17
}) has been already used, duplicate ignored
<to be read again> 
                   \relax 
l.1954 \begin{equation}
                       
pdfTeX warning (ext4): destination with the same identifier (name{equation.5.17
}) has been already used, duplicate ignored
<to be read again> 
                   \relax 
l.1954 \begin{equation}
                       
pdfTeX warning (ext4): destination with the same identifier (name{equation.5.17
}) has been already used, duplicate ignored
<to be read again> 
                   \relax 
l.1954 \begin{equation}
                       
Overfull \hbox (42.77164pt too wide) detected at line 1960
[][][]\OML/cmm/m/it/10 r[] \OT1/cmr/m/n/10 = \OML/cmm/m/it/10 r[] \OMS/cmsy/m/n
/10 ' \OT1/cmr/m/n/10 40 (\OML/cmm/m/it/10 [] M[] []\OT1/cmr/m/n/10 ) \U/rsfs/
m/n/10 Q[] B[] C[] Q[]
 []

Missing character: There is no g in font rsfs10!
Missing character: There is no g in font rsfs10!
Missing character: There is no g in font rsfs10!
Missing character: There is no g in font rsfs10!
Missing character: There is no g in font rsfs10!
Missing character: There is no g in font rsfs10!
Missing character: There is no g in font rsfs10!
Missing character: There is no g in font rsfs10!
Missing character: There is no g in font rsfs10!
Missing character: There is no g in font rsfs10!
Missing character: There is no g in font rsfs10!
Missing character: There is no g in font rsfs10!
Missing character: There is no g in font rsfs10!
Missing character: There is no g in font rsfs10!
Missing character: There is no g in font rsfs10!
Missing character: There is no g in font rsfs10!
Missing character: There is no g in font rsfs10!
Missing character: There is no g in font rsfs10!
Missing character: There is no g in font rsfs10!
Missing character: There is no g in font rsfs10!
Missing character: There is no g in font rsfs10!
Missing character: There is no g in font rsfs10!
Missing character: There is no g in font rsfs10!
Missing character: There is no g in font rsfs10!
Missing character: There is no g in font rsfs10!
Missing character: There is no g in font rsfs10!
Missing character: There is no g in font rsfs10!
Missing character: There is no g in font rsfs10!
Missing character: There is no g in font rsfs10!
Missing character: There is no g in font rsfs10!
Missing character: There is no g in font rsfs10!
Missing character: There is no g in font rsfs10!
Missing character: There is no g in font rsfs10!
Missing character: There is no g in font rsfs10!
Missing character: There is no g in font rsfs10!
Missing character: There is no g in font rsfs10!
Missing character: There is no g in font rsfs10!
Missing character: There is no g in font rsfs10!
[42]
Missing character: There is no g in font rsfs10!
Missing character: There is no g in font rsfs10!
Missing character: There is no g in font rsfs10!
Missing character: There is no g in font rsfs10!
Missing character: There is no g in font rsfs10!

Overfull \hbox (35.17311pt too wide) detected at line 2000
\OML/cmm/m/it/10 r[] \OMS/cmsy/m/n/10 ^^Q \OT1/cmr/m/n/10 (\OML/cmm/m/it/10 ^^\
[]^^\[]\OT1/cmr/m/n/10 )[] = (5 \OMS/cmsy/m/n/10 ^^B \OT1/cmr/m/n/10 10[])(\OML
/cmm/m/it/10 [] M[] [] [] \U/rsfs/m/n/10 Q[] []
 []

Missing character: There is no g in font rsfs10!
Missing character: There is no g in font rsfs10!
Missing character: There is no g in font rsfs10!
Missing character: There is no g in font rsfs10!
Missing character: There is no g in font rsfs10!
Missing character: There is no g in font rsfs10!
Missing character: There is no g in font rsfs10!

pdfTeX warning (ext4): destination with the same identifier (name{equation.5.17
}) has been already used, duplicate ignored
<to be read again> 
                   \relax 
l.2036 \begin{equation}
                       
pdfTeX warning (ext4): destination with the same identifier (name{equation.5.17
}) has been already used, duplicate ignored
<to be read again> 
                   \relax 
l.2036 \begin{equation}
                       
pdfTeX warning (ext4): destination with the same identifier (name{equation.5.17
}) has been already used, duplicate ignored
<to be read again> 
                   \relax 
l.2036 \begin{equation}
                       
pdfTeX warning (ext4): destination with the same identifier (name{equation.5.17
}) has been already used, duplicate ignored
<to be read again> 
                   \relax 
l.2036 \begin{equation}
                       
Missing character: There is no g in font rsfs10!
Missing character: There is no g in font rsfs10!

Overfull \hbox (22.27428pt too wide) detected at line 2041
[][][]\OML/cmm/m/it/10 T[] \OT1/cmr/m/n/10 = [][] = (3 \OMS/cmsy/m/n/10 ^^B \OT
1/cmr/m/n/10 10[] [][])(\OML/cmm/m/it/10 M[][]\OT1/cmr/m/n/10 )[] [] [] \U/rsfs
/m/n/10 Q[]
 []


Underfull \hbox (badness 1803) in paragraph at lines 2059--2068
[]\OT1/cmr/m/n/10 In the mid-dle re-gion and in-ner re-gion electron-
 []


Underfull \hbox (badness 3108) in paragraph at lines 2079--2084
\OT1/cmr/m/n/10 (``standard square-root fac-tor for ran-dom walks'').
 []


pdfTeX warning (ext4): destination with the same identifier (name{equation.5.17
}) has been already used, duplicate ignored
<to be read again> 
                   \relax 
l.2101 \begin{equation}
                       
pdfTeX warning (ext4): destination with the same identifier (name{equation.5.17
}) has been already used, duplicate ignored
<to be read again> 
                   \relax 
l.2101 \begin{equation}
                       
pdfTeX warning (ext4): destination with the same identifier (name{equation.5.17
}) has been already used, duplicate ignored
<to be read again> 
                   \relax 
l.2101 \begin{equation}
                       
pdfTeX warning (ext4): destination with the same identifier (name{equation.5.17
}) has been already used, duplicate ignored
<to be read again> 
                   \relax 
l.2101 \begin{equation}
                       
Overfull \hbox (108.13858pt too wide) detected at line 2106
[][][]\OML/cmm/m/it/10 ^^\[]\OT1/cmr/m/n/10 ([]) = [\OML/cmm/m/it/10 ^^\[]\OT1/
cmr/m/n/10 ([]) \OML/cmm/m/it/10 ^^\[]\OT1/cmr/m/n/10 ([])][] = (\OML/cmm/m/it/
10 ^^T[]^^T[]\OT1/cmr/m/n/10 )[] \OML/cmm/m/it/10 y[] \OT1/cmr/m/n/10 = 1 \OML/
cmm/m/it/10 :
 []


pdfTeX warning (ext4): destination with the same identifier (name{equation.5.17
}) has been already used, duplicate ignored
<to be read again> 
                   \relax 
l.2114 \begin{equation}
                       
pdfTeX warning (ext4): destination with the same identifier (name{equation.5.17
}) has been already used, duplicate ignored
<to be read again> 
                   \relax 
l.2114 \begin{equation}
                       
pdfTeX warning (ext4): destination with the same identifier (name{equation.5.17
}) has been already used, duplicate ignored
<to be read again> 
                   \relax 
l.2114 \begin{equation}
                       
pdfTeX warning (ext4): destination with the same identifier (name{equation.5.17
}) has been already used, duplicate ignored
<to be read again> 
                   \relax 
l.2114 \begin{equation}
                        [43]
pdfTeX warning (ext4): destination with the same identifier (name{equation.5.17
}) has been already used, duplicate ignored
<to be read again> 
                   \relax 
l.2136 \begin{equation}
                       
pdfTeX warning (ext4): destination with the same identifier (name{equation.5.17
}) has been already used, duplicate ignored
<to be read again> 
                   \relax 
l.2136 \begin{equation}
                       
pdfTeX warning (ext4): destination with the same identifier (name{equation.5.17
}) has been already used, duplicate ignored
<to be read again> 
                   \relax 
l.2136 \begin{equation}
                       
pdfTeX warning (ext4): destination with the same identifier (name{equation.5.17
}) has been already used, duplicate ignored
<to be read again> 
                   \relax 
l.2136 \begin{equation}
                       
pdfTeX warning (ext4): destination with the same identifier (name{equation.5.17
}) has been already used, duplicate ignored
<to be read again> 
                   \relax 
l.2150 \begin{equation}
                       
pdfTeX warning (ext4): destination with the same identifier (name{equation.5.17
}) has been already used, duplicate ignored
<to be read again> 
                   \relax 
l.2150 \begin{equation}
                       
pdfTeX warning (ext4): destination with the same identifier (name{equation.5.17
}) has been already used, duplicate ignored
<to be read again> 
                   \relax 
l.2150 \begin{equation}
                       
pdfTeX warning (ext4): destination with the same identifier (name{equation.5.17
}) has been already used, duplicate ignored
<to be read again> 
                   \relax 
l.2150 \begin{equation}
                       
pdfTeX warning (ext4): destination with the same identifier (name{equation.5.17
}) has been already used, duplicate ignored
<to be read again> 
                   \relax 
l.2164 \begin{equation}
                       
pdfTeX warning (ext4): destination with the same identifier (name{equation.5.17
}) has been already used, duplicate ignored
<to be read again> 
                   \relax 
l.2164 \begin{equation}
                       
pdfTeX warning (ext4): destination with the same identifier (name{equation.5.17
}) has been already used, duplicate ignored
<to be read again> 
                   \relax 
l.2164 \begin{equation}
                       
pdfTeX warning (ext4): destination with the same identifier (name{equation.5.17
}) has been already used, duplicate ignored
<to be read again> 
                   \relax 
l.2164 \begin{equation}
                       
Missing character: There is no g in font rsfs10!
Missing character: There is no g in font rsfs10!
Missing character: There is no g in font rsfs10!
Missing character: There is no g in font rsfs10!
Missing character: There is no g in font rsfs10!
Missing character: There is no g in font rsfs10!
Missing character: There is no g in font rsfs10!
Missing character: There is no g in font rsfs10!
Missing character: There is no g in font rsfs10!
Missing character: There is no g in font rsfs10!
Missing character: There is no g in font rsfs10!
Missing character: There is no g in font rsfs10!
Missing character: There is no g in font rsfs10!
Missing character: There is no g in font rsfs10!
Missing character: There is no g in font rsfs10!
Missing character: There is no g in font rsfs10!
Missing character: There is no g in font rsfs10!

pdfTeX warning (ext4): destination with the same identifier (name{equation.5.17
}) has been already used, duplicate ignored
<to be read again> 
                   \relax 
l.2216 \begin{equation}
                       
pdfTeX warning (ext4): destination with the same identifier (name{equation.5.17
}) has been already used, duplicate ignored
<to be read again> 
                   \relax 
l.2216 \begin{equation}
                       
pdfTeX warning (ext4): destination with the same identifier (name{equation.5.17
}) has been already used, duplicate ignored
<to be read again> 
                   \relax 
l.2216 \begin{equation}
                       
pdfTeX warning (ext4): destination with the same identifier (name{equation.5.17
}) has been already used, duplicate ignored
<to be read again> 
                   \relax 
l.2216 \begin{equation}
                       
pdfTeX warning (ext4): destination with the same identifier (name{equation.5.17
}) has been already used, duplicate ignored
<to be read again> 
                   \relax 
l.2227 \begin{equation}
                       
pdfTeX warning (ext4): destination with the same identifier (name{equation.5.17
}) has been already used, duplicate ignored
<to be read again> 
                   \relax 
l.2227 \begin{equation}
                       
pdfTeX warning (ext4): destination with the same identifier (name{equation.5.17
}) has been already used, duplicate ignored
<to be read again> 
                   \relax 
l.2227 \begin{equation}
                       
pdfTeX warning (ext4): destination with the same identifier (name{equation.5.17
}) has been already used, duplicate ignored
<to be read again> 
                   \relax 
l.2227 \begin{equation}
                        [44]

LaTeX Warning: A float is stuck (cannot be placed); try class option [floatfix]
 on input line 2290.


Overfull \hbox (47.55138pt too wide) detected at line 2323
\OML/cmm/m/it/10 P[] \OT1/cmr/m/n/10 = 12\OML/cmm/m/it/10 ^^Y[] GM=c[] \OT1/cmr
/m/n/10 = (0\OML/cmm/m/it/10 :\OT1/cmr/m/n/10 5 [])(\OML/cmm/m/it/10 M=M[]\OT1/
cmr/m/n/10 ) []\OML/cmm/m/it/10 ;
 []


Overfull \hbox (44.20862pt too wide) detected at line 2327
\OML/cmm/m/it/10 P[] \OT1/cmr/m/n/10 = 4\OML/cmm/m/it/10 ^^YM \OT1/cmr/m/n/10 =
 (0\OML/cmm/m/it/10 :\OT1/cmr/m/n/10 06 [])(\OML/cmm/m/it/10 M=M[]\OT1/cmr/m/n/
10 ) []\OML/cmm/m/it/10 :
 []


Underfull \hbox (badness 10000) in paragraph at lines 2339--2348
[]\OT1/cmr/m/n/10 An al-ter-na-tive test for ro-ta-tion de-vised by
 []

[45]
pdfTeX warning (ext4): destination with the same identifier (name{equation.5.17
}) has been already used, duplicate ignored
<to be read again> 
                   \relax 
l.2370 \begin{equation}
                       
pdfTeX warning (ext4): destination with the same identifier (name{equation.5.17
}) has been already used, duplicate ignored
<to be read again> 
                   \relax 
l.2370 \begin{equation}
                       
pdfTeX warning (ext4): destination with the same identifier (name{equation.5.17
}) has been already used, duplicate ignored
<to be read again> 
                   \relax 
l.2370 \begin{equation}
                       
pdfTeX warning (ext4): destination with the same identifier (name{equation.5.17
}) has been already used, duplicate ignored
<to be read again> 
                   \relax 
l.2370 \begin{equation}
                       
pdfTeX warning (ext4): destination with the same identifier (name{equation.5.17
}) has been already used, duplicate ignored
<to be read again> 
                   \relax 
l.2377 \begin{equation}
                       
pdfTeX warning (ext4): destination with the same identifier (name{equation.5.17
}) has been already used, duplicate ignored
<to be read again> 
                   \relax 
l.2377 \begin{equation}
                       
pdfTeX warning (ext4): destination with the same identifier (name{equation.5.17
}) has been already used, duplicate ignored
<to be read again> 
                   \relax 
l.2377 \begin{equation}
                       
pdfTeX warning (ext4): destination with the same identifier (name{equation.5.17
}) has been already used, duplicate ignored
<to be read again> 
                   \relax 
l.2377 \begin{equation}
                       ) (./sections/sec6_cosmo.tex [46]
Overfull \hbox (29.01556pt too wide) detected at line 162
[][][]\OML/cmm/m/it/10 ^^Z[] < ^^Z[] \OT1/cmr/m/n/10 = 5 \OMS/cmsy/m/n/10 ^^B \
OT1/cmr/m/n/10 10[] [][] = 6 \OMS/cmsy/m/n/10 ^^B \OT1/cmr/m/n/10 10[] [][] \OM
L/cmm/m/it/10 :
 []

) (./NT-Disk-translated.bbl [47
pdfTeX warning (ext4): destination with the same identifier (name{equation.6.1}
) has been already used, duplicate ignored
<argument> ...shipout:D \box_use:N \l_shipout_box 
                                                  \__shipout_drop_firstpage_...
l.60   {Bachynski}},\ }
                       \href@noop {} {\emph {\bibinfo {title} {The Particle ...

pdfTeX warning (ext4): destination with the same identifier (name{equation.6.1}
) has been already used, duplicate ignored
<argument> ...shipout:D \box_use:N \l_shipout_box 
                                                  \__shipout_drop_firstpage_...
l.60   {Bachynski}},\ }
                       \href@noop {} {\emph {\bibinfo {title} {The Particle ...

pdfTeX warning (ext4): destination with the same identifier (name{equation.6.1}
) has been already used, duplicate ignored
<argument> ...shipout:D \box_use:N \l_shipout_box 
                                                  \__shipout_drop_firstpage_...
l.60   {Bachynski}},\ }
                       \href@noop {} {\emph {\bibinfo {title} {The Particle ...

pdfTeX warning (ext4): destination with the same identifier (name{equation.6.1}
) has been already used, duplicate ignored
<argument> ...shipout:D \box_use:N \l_shipout_box 
                                                  \__shipout_drop_firstpage_...
l.60   {Bachynski}},\ }
                       \href@noop {} {\emph {\bibinfo {title} {The Particle ...

pdfTeX warning (ext4): destination with the same identifier (name{equation.6.1}
) has been already used, duplicate ignored
<argument> ...shipout:D \box_use:N \l_shipout_box 
                                                  \__shipout_drop_firstpage_...
l.60   {Bachynski}},\ }
                       \href@noop {} {\emph {\bibinfo {title} {The Particle ...
]
Underfull \hbox (badness 1783) in paragraph at lines 240--245
 []\OT1/cmr/m/n/9 B. U. []O. Son-nerup, Magnetic-field re-con-nec-tion in
 []

[48]) [49] (./NT-Disk-translated.aux)

LaTeX Warning: Label(s) may have changed. Rerun to get cross-references right.

Package rerunfilecheck Info: File `NT-Disk-translated.out' has not changed.
(rerunfilecheck)             Checksum: ABEF9473FAAE88DC58A18975D0427308;11977.
 ) 
Here is how much of TeX's memory you used:
 13133 strings out of 476025
 195467 string characters out of 5790018
 1902388 words of memory out of 5000000
 32727 multiletter control sequences out of 15000+600000
 527467 words of font info for 89 fonts, out of 8000000 for 9000
 1141 hyphenation exceptions out of 8191
 75i,16n,76p,1413b,726s stack positions out of 10000i,1000n,20000p,200000b,200000s
</usr/local/texlive/2023/texmf-dist/fonts/type1/public/amsfonts/cm/cmbsy10.pf
b></usr/local/texlive/2023/texmf-dist/fonts/type1/public/amsfonts/cmextra/cmbsy
9.pfb></usr/local/texlive/2023/texmf-dist/fonts/type1/public/amsfonts/cm/cmbx10
.pfb></usr/local/texlive/2023/texmf-dist/fonts/type1/public/amsfonts/cm/cmbx12.
pfb></usr/local/texlive/2023/texmf-dist/fonts/type1/public/amsfonts/cm/cmbx7.pf
b></usr/local/texlive/2023/texmf-dist/fonts/type1/public/amsfonts/cm/cmbx9.pfb>
</usr/local/texlive/2023/texmf-dist/fonts/type1/public/amsfonts/cm/cmex10.pfb><
/usr/local/texlive/2023/texmf-dist/fonts/type1/public/amsfonts/cmextra/cmex9.pf
b></usr/local/texlive/2023/texmf-dist/fonts/type1/public/amsfonts/cm/cmmi10.pfb
></usr/local/texlive/2023/texmf-dist/fonts/type1/public/amsfonts/cm/cmmi5.pfb><
/usr/local/texlive/2023/texmf-dist/fonts/type1/public/amsfonts/cm/cmmi6.pfb></u
sr/local/texlive/2023/texmf-dist/fonts/type1/public/amsfonts/cm/cmmi7.pfb></usr
/local/texlive/2023/texmf-dist/fonts/type1/public/amsfonts/cm/cmmi8.pfb></usr/l
ocal/texlive/2023/texmf-dist/fonts/type1/public/amsfonts/cm/cmmi9.pfb></usr/loc
al/texlive/2023/texmf-dist/fonts/type1/public/amsfonts/cm/cmmib10.pfb></usr/loc
al/texlive/2023/texmf-dist/fonts/type1/public/amsfonts/cmextra/cmmib7.pfb></usr
/local/texlive/2023/texmf-dist/fonts/type1/public/amsfonts/cm/cmr10.pfb></usr/l
ocal/texlive/2023/texmf-dist/fonts/type1/public/amsfonts/cm/cmr5.pfb></usr/loca
l/texlive/2023/texmf-dist/fonts/type1/public/amsfonts/cm/cmr6.pfb></usr/local/t
exlive/2023/texmf-dist/fonts/type1/public/amsfonts/cm/cmr7.pfb></usr/local/texl
ive/2023/texmf-dist/fonts/type1/public/amsfonts/cm/cmr8.pfb></usr/local/texlive
/2023/texmf-dist/fonts/type1/public/amsfonts/cm/cmr9.pfb></usr/local/texlive/20
23/texmf-dist/fonts/type1/public/amsfonts/cm/cmsy10.pfb></usr/local/texlive/202
3/texmf-dist/fonts/type1/public/amsfonts/cm/cmsy5.pfb></usr/local/texlive/2023/
texmf-dist/fonts/type1/public/amsfonts/cm/cmsy6.pfb></usr/local/texlive/2023/te
xmf-dist/fonts/type1/public/amsfonts/cm/cmsy7.pfb></usr/local/texlive/2023/texm
f-dist/fonts/type1/public/amsfonts/cm/cmsy8.pfb></usr/local/texlive/2023/texmf-
dist/fonts/type1/public/amsfonts/cm/cmsy9.pfb></usr/local/texlive/2023/texmf-di
st/fonts/type1/public/amsfonts/cm/cmti10.pfb></usr/local/texlive/2023/texmf-dis
t/fonts/type1/public/amsfonts/cm/cmti8.pfb></usr/local/texlive/2023/texmf-dist/
fonts/type1/public/amsfonts/cm/cmti9.pfb></usr/local/texlive/2023/texmf-dist/fo
nts/type1/public/amsfonts/symbols/msam10.pfb></usr/local/texlive/2023/texmf-dis
t/fonts/type1/public/amsfonts/symbols/msbm10.pfb></usr/local/texlive/2023/texmf
-dist/fonts/type1/public/rsfs/rsfs10.pfb></usr/local/texlive/2023/texmf-dist/fo
nts/type1/public/rsfs/rsfs7.pfb></usr/local/texlive/2023/texmf-dist/fonts/type1
/public/cm-super/sfrm0800.pfb></usr/local/texlive/2023/texmf-dist/fonts/type1/p
ublic/cm-super/sfrm1000.pfb>
Output written on NT-Disk-translated.pdf (49 pages, 768879 bytes).
PDF statistics:
 1498 PDF objects out of 1728 (max. 8388607)
 1356 compressed objects within 14 object streams
 651 named destinations out of 1000 (max. 500000)
 393 words of extra memory for PDF output out of 10000 (max. 10000000)

